Name,Description,Data Type,Range of Values,Percent of Missing Data
uuid,IDs made by combining puuid and match id for SQL data base,Nominal,ids,0
matchId,Match ID provided from riot API,Nominal,ids,0
participants,Gives a list of the puuids for each player in a match,Nominal,ids,0
puuid,"""Player Universally Unique IDentifiers"" riots way of identifiying every player",Nominal,ids,0
endOfGameResult,Shows if the game was completed ,Nominal,['GameComplete'],0
gameCreation,Time that the game was created in ms,Ratio,"(1736954654157, 1738621860288)",0
gameDuration,How long the game lasted in seconds,Ratio,"(100, 3193)",0
gameEndTimestamp,Time stamp for when the game ended in ms,Ratio,"(1736955584155, 1738623526690)",0
gameId,ID for each game,Ratio,"(5207304788, 5221759288)",0
patch,Patch the game was played on,Nominal,"['15.2.652.1536', '15.1.649.4112', '15.2.650.9216']",0
riotIdGameName,Name of the riot account of the player,Nominal,ids,0
riotIdTagline,Tagline of the player,Nominal,ids,0
summonerName,League of Legends in game name,Nominal,ids,8.87
kills,Number of kills player had,Ratio,"(0, 30)",0
deaths,Number of deaths player had,Ratio,"(0, 18)",0
assists,Number of assists player had,Ratio,"(0, 42)",0
firstBloodKill,Checks to see if player got first blood,Nominal,"(False, True)",0
firstBloodAssist,Checks to see if player assisted in getting the first blood,Nominal,"(False, True)",0
doubleKills,How many double kills the player got,Ratio,"(0, 8)",0
tripleKills,How many triple kills the player got,Ratio,"(0, 4)",0
quadraKills,How many quadra kills the player got,Ratio,"(0, 2)",0
pentaKills,How many penta kills the player got,Ratio,"(0, 1)",0
unrealKills,How many unreal kills the player got,Ratio,"(0, 0)",0
largestMultiKill,"Largest multi kill (penta, quadra, etc.) player got that game",Ratio,"(0, 5)",0
killingSprees,How many times player killed three champions in a row without dying,Ratio,"(0, 8)",0
largestKillingSpree,How many champions player killed before dying,Ratio,"(0, 22)",0
teamKills,Total number of kills player team has,Ratio,"(0, 72)",0
timePlayed,Total amount of time played in seconds,Ratio,"(100, 3193)",0
longestTimeSpentLiving,Longest time spent alive in seconds,Ratio,"(0, 2407)",0
totalTimeSpentDead,Total amount of time spent dead in seconds,Ratio,"(0, 647)",0
perctTimeDead,Percentage of time dead in match,Ratio,"(0.0, 27.8)",0
cs,Creep Score,Ratio,"(0, 456)",0
neutralMinionsKilled,"How many netural minons were killed (scuttle crabs, void grubs, baron, dragons, etcs.)",Ratio,"(0, 297)",0
totalAllyJungleMinionsKilled,How many allied jungle camps that were killed,Ratio,"(0, 0)",0
totalEnemyJungleMinionsKilled,How many enemy jungle camps that were killed,Ratio,"(0, 0)",0
OMWPing,Number of On my way pings player used,Ratio,"(0, 136)",0
allInPings,Number of all in pings player used,Ratio,"(0, 70)",0
assistMePings,Number of assist me pings player used,Ratio,"(0, 99)",0
enemyMissingPings, Number of enemy missing pings player used,Ratio,"(0, 105)",0
enemyVisionPings,Number of enemy vision pings player used.,Ratio,"(0, 66)",0
holdPings,Number of hold pings player used.,Ratio,"(0, 0)",0
getBackPings,Number of get back pings player used.,Ratio,"(0, 70)",0
needVisionPings,Number of need vision pings player used.,Ratio,"(0, 18)",0
pushPings,Number of push pings player used.,Ratio,"(0, 40)",0
visionScore,Total vision score player had,Ratio,"(0, 189)",0
visionClearedPings,Number of vision cleared player used,Ratio,"(0, 0)",0
visionWardsBoughtInGame,How many vision wards were bought in the game by player,Ratio,"(0, 46)",0
wardsKilled,How many enemy wards were killed by the player,Ratio,"(0, 30)",0
wardsPlaced,How many wards the player placed,Ratio,"(0, 87)",0
sightWardsBoughtInGame,How many control wards the player bought ,Ratio,"(0, 0)",0
detectorWardsPlaced,How many contorl wards the player placed,Ratio,"(0, 46)",0
baronKills,How many baron kills the player had,Ratio,"(0, 3)",0
dragonKills,How many dragon kills the player had,Ratio,"(0, 6)",0
damageDealtToObjectives,Total damage dealt to objective by player,Ratio,"(0, 95794)",0
objectivesStolen,Number of objective stolen by player,Ratio,"(0, 3)",0
objectivesStolenAssists,Number of assists in stealing objective by player,Ratio,"(0, 1)",0
turretKills,Number of turrets killed by player,Ratio,"(0, 9)",0
turretTakedowns,Number of turrets taken down by player (same as above),Ratio,"(0, 11)",0
turretsLost,Number of turrets that the team lost ,Ratio,"(0, 15)",0
firstTowerAssist,Did the player assist in taking the first turret,Nominal,"(False, True)",0
firstTowerKill,Did the player take the first turret,Nominal,"(False, True)",0
damageDealtToBuildings,Total amount of damage player dealt to buildings,Ratio,"(0, 27740)",0
damageDealtToTurrets,Total amound of damage player did to turret,Ratio,"(0, 27740)",0
inhibitorKills,Total number of inhibitor kills,Ratio,"(0, 5)",0
inhibitorTakedowns,Same as above,Ratio,"(0, 6)",0
inhibitorsLost,Number of inhibitors that player's team lost,Ratio,"(0, 9)",0
teamPosition,Player lane position,Nominal,"['UTILITY', 'BOTTOM', 'JUNGLE', 'MIDDLE', 'TOP', nan]",0.02
lane,Player lane position,Nominal,"['NONE', 'BOTTOM', 'JUNGLE', 'MIDDLE', 'TOP']",0
role,Player lane position,Nominal,"['SUPPORT', 'CARRY', 'NONE', 'SOLO', 'DUO']",0
championName,Name of champion that the player played,Nominal,"['Mel', 'Corki', 'Varus', 'Gwen', 'Akshan', 'Lux', 'Kalista', 'Ambessa', 'Chogath', 'Vi', 'Pantheon', 'Ornn', 'Galio', 'MonkeyKing', 'Nami', 'Cassiopeia', 'XinZhao', 'Nautilus', 'Seraphine', 'Akali', 'JarvanIV', 'Elise', 'Hwei', 'MissFortune', 'Viktor', 'Yone', 'Azir', 'Ezreal', 'Lucian', 'Vladimir', 'Jayce', 'Aurora', 'Karthus', 'Nidalee', 'Viego', 'Sion', 'Irelia', 'Smolder', 'Riven', 'Kindred', 'Poppy', 'Urgot', 'Maokai', 'Jax', 'Darius', 'Soraka', 'Nilah', 'Zilean', 'Ahri', 'Zoe', 'Rengar', 'Malphite', 'Xerath', 'Sylas', 'Renata', 'Garen', 'Shaco', 'Jhin', 'KSante', 'Sett', 'Camille', 'LeeSin', 'Karma', 'Alistar', 'Skarner', 'Aatrox', 'Rell', 'Kaisa', 'Nunu', 'Neeko', 'Zac', 'Volibear', 'Hecarim', 'Syndra', 'Vayne', 'Fiora', 'Shen', 'Gragas', 'Lulu', 'Caitlyn', 'Gangplank', 'Ivern', 'AurelionSol', 'Yasuo', 'Talon', 'Zyra', 'MasterYi', 'Ashe', 'Rakan', 'Yuumi', 'Aphelios', 'Diana', 'Lillia', 'Anivia', 'Rumble', 'Senna', 'KogMaw', 'Tristana', 'Kayn', 'Graves', 'Sona', 'Warwick', 'Renekton', 'RekSai', 'Trundle', 'Ziggs', 'Orianna', 'Braum', 'Gnar', 'Taliyah', 'Khazix', 'Bard', 'Pyke', 'DrMundo', 'Velkoz', 'Ryze', 'Lissandra', 'Draven', 'Kassadin', 'Thresh', 'Tryndamere', 'Kennen', 'Morgana', 'Katarina', 'Evelynn', 'Brand', 'Qiyana', 'Nocturne', 'Jinx', 'Belveth', 'Leona', 'Veigar', 'Olaf', 'Zeri', 'Briar', 'TahmKench', 'Ekko', 'Swain', 'Blitzcrank', 'Kled', 'FiddleSticks', 'Amumu', 'Udyr', 'Taric', 'Teemo', 'Malzahar', 'Sivir', 'Xayah', 'Janna', 'Zed', 'Rammus', 'Kayle', 'Leblanc', 'Naafiri', 'Samira', 'Fizz', 'Mordekaiser', 'TwistedFate', 'Heimerdinger', 'Twitch', 'Singed', 'Vex', 'Quinn', 'Milio', 'Yorick', 'Sejuani', 'Shyvana', 'Annie', 'Nasus']",0
champExperience,Amount of experience that player had,Ratio,"(0, 33812)",0
champLevel,The level that the player ended the game with,Ratio,"(1, 18)",0
championTransform,"This field is currently only utilized for Kayn's transformations. (Legal values: 0 - None, 1 - Slayer, 2 - Assassin)",Ratio,"(0, 2)",0
primary_style,Primary rune style,Nominal,"['Sorcery', 'Precision', 'Resolve', 'Domination', 'Inspiration']",0
secondary_style,Secondary run style,Nominal,"['Precision', 'Inspiration', 'Domination', 'Resolve', 'Sorcery', '0']",0
primary_keystone,Primary keystone that the player took for their runes,Nominal,"['Arcane Comet', 'Conqueror', 'Lethal Tempo', 'Press the Attack', 'Grasp of the Undying', 'Aftershock', 'Summon Aery', 'Electrocute', 'Fleet Footwork', 'Hail of Blades', 'First Strike', 'Guardian', 'Phase Rush', 'Dark Harvest', 'Glacial Augment', 'Unsealed Spellbook']",0
primary_perk_1,Primary perk 1 that was taken,Nominal,"['Manaflow Band', 'Presence of Mind', 'Absorb Life', 'Triumph', 'Demolish', 'Shield Bash', 'Sudden Impact', 'Taste of Blood', 'Nimbus Cloak', 'Cash Back', 'Font of Life', 'Axiom Arcanist', 'Cheap Shot', 'Magical Footwear', 'Hextech Flashtraption']",0
primary_perk_2,Primary perk 2 that was taken,Nominal,"['Transcendence', 'Legend: Alacrity', 'Legend: Haste', 'Conditioning', 'Bone Plating', 'Grisly Mementos', 'Second Wind', 'Legend: Bloodline', 'Deep Ward', 'Sixth Sense', 'Triple Tonic', 'Absolute Focus', 'Celerity', 'Biscuit Delivery', 'Time Warp Tonic']",0
primary_perk_3,Primary perk 3 that was taken,Nominal,"['Scorch', 'Cut Down', 'Last Stand', 'Coup de Grace', 'Overgrowth', 'Gathering Storm', 'Ultimate Hunter', 'Relentless Hunter', 'Treasure Hunter', 'Cosmic Insight', 'Revitalize', 'Waterwalking', 'Unflinching', 'Approach Velocity', 'Jack Of All Trades']",0
secondary_perk_1,Secondary perk 1 that was taken,Nominal,"['Presence of Mind', 'Biscuit Delivery', 'Magical Footwear', 'Cheap Shot', 'Sudden Impact', 'Second Wind', 'Legend: Haste', 'Nimbus Cloak', 'Revitalize', 'Manaflow Band', 'Absolute Focus', 'Shield Bash', 'Overgrowth', 'Transcendence', 'Cosmic Insight', 'Axiom Arcanist', 'Celerity', 'Bone Plating', 'Grisly Mementos', 'Triumph', 'Jack Of All Trades', 'Deep Ward', 'Conditioning', 'Demolish', 'Ultimate Hunter', 'Hextech Flashtraption', 'Coup de Grace', 'Triple Tonic', 'Cut Down', 'Sixth Sense', 'Font of Life', 'Gathering Storm', 'Taste of Blood', 'Legend: Alacrity', 'Approach Velocity', 'Relentless Hunter', 'Treasure Hunter', 'Cash Back', 'Scorch', 'Unflinching', 'Legend: Bloodline', 'Last Stand', 'Absorb Life', 'Waterwalking']",0
secondary_perk_2,Secondary perk 2 that was taken,Nominal,"['Cut Down', 'Jack Of All Trades', 'Cosmic Insight', 'Triple Tonic', 'Ultimate Hunter', 'Treasure Hunter', 'Overgrowth', 'Triumph', 'Transcendence', 'Bone Plating', 'Scorch', 'Waterwalking', 'Biscuit Delivery', 'Second Wind', 'Manaflow Band', 'Last Stand', 'Legend: Haste', 'Gathering Storm', 'Magical Footwear', 'Approach Velocity', 'Coup de Grace', 'Hextech Flashtraption', 'Demolish', 'Nimbus Cloak', 'Revitalize', 'Relentless Hunter', 'Axiom Arcanist', 'Cheap Shot', 'Sudden Impact', 'Celerity', 'Legend: Alacrity', 'Conditioning', 'Shield Bash', 'Presence of Mind', 'Deep Ward', 'Absolute Focus', 'Grisly Mementos', 'Unflinching', 'Font of Life', 'Cash Back', 'Taste of Blood', 'Sixth Sense', 'Absorb Life']",0
summoner1Id,The first summoner spell the player took,Nominal,"['Heal', 'Flash', 'Barrier', 'Exhaust', 'Teleport', 'Smite', 'Ignite', 'Ghost', 'Cleanse']",0
summoner2Id,The second summoner spell the player took,Nominal,"['Flash', 'Barrier', 'Smite', 'Teleport', 'Heal', 'Ignite', 'Cleanse', 'Exhaust', 'Ghost']",0
defense,Defense stats,Ratio,"(5001, 5013)",0
flex,"Flex stats(could be health, cool down reduction etc.)",Ratio,"(5001, 5010)",0
offense,Offensive stats,Ratio,"(5005, 5008)",0
goldEarned,Total gold that the player earned,Ratio,"(502, 26280)",0
goldSpent,Total gold that the player spent,Ratio,"(0, 39050)",0
bountyLevel,Bounty level that the player reached,Ratio,"(0, 30)",0
item0,First item the player bought (can by any item),Nominal,"[""Zaz'Zak's Realmspike"", ""Zhonya's Hourglass"", 'Terminus', 'Amplifying Tome', 'Mortal Reminder', ""Doran's Ring"", ""Doran's Blade"", 'Eclipse', 'Unending Despair', ""Mercury's Treads"", 'Plated Steelcaps', 'Frozen Heart', 'Thornmail', 'Trinity Force', 'Dream Maker', ""Liandry's Torment"", ""Dead Man's Plate"", 'Bloodsong', ""Seeker's Armguard"", 'Sundered Sky', 'Control Ward', 'Black Cleaver', 'Needlessly Large Rod', ""Death's Dance"", 'Health Potion', 'Negatron Cloak', 'Infinity Edge', ""Rylai's Crystal Scepter"", 'Blighting Jewel', ""Mikael's Blessing"", ""Banshee's Veil"", 'Blasting Wand', 'Guardian Angel', 'Titanic Hydra', 'Pickaxe', 'Essence Reaver', 'Hexdrinker', 'Glowing Mote', 'Horizon Focus', 'The Collector', 'Swiftmarch', 'Scorchclaw Pup', ""Doran's Shield"", ""Seraph's Embrace"", 'Malignance', 'Stridebreaker', 'Solstice Sleigh', 'Celestial Opposition', 'Ionian Boots of Lucidity', 'Serrated Dirk', 'Lich Bane', 'Rapid Firecannon', 'Immortal Shieldbow', 'Riftmaker', 'Dark Seal', ""Rabadon's Deathcap"", 'Cosmic Drive', 'Dagger', 'Boots of Swiftness', 'Chempunk Chainsword', '0', 'Heartsteel', ""Serpent's Fang"", 'Aegis of the Legion', ""Luden's Companion"", 'Last Whisper', 'Spirit Visage', 'Blade of The Ruined King', 'Abyssal Mask', 'Locket of the Iron Solari', 'Hextech Rocketbelt', 'Steel Sigil', 'Gustwalker Hatchling', 'World Atlas', 'Spear of Shojin', ""Sterak's Gage"", ""Jak'Sho, The Protean"", 'Noonquiver', 'Forbidden Idol', 'Haunting Guise', 'Hullbreaker', 'Shadowflame', ""Guinsoo's Rageblade"", 'Phantom Dancer', 'Voltaic Cyclosword', ""Nashor's Tooth"", 'Dawncore', 'Edge of Night', 'Fimbulwinter', 'Refillable Potion', 'Hollow Radiance', 'Vampiric Scepter', ""Spellslinger's Shoes"", 'Mosstomper Seedling', 'Void Staff', 'Ravenous Hydra', ""Sorcerer's Shoes"", 'Phage', 'Hubris', ""Giant's Belt"", ""Serylda's Grudge"", 'Blackfire Torch', ""Randuin's Omen"", 'Kindlegem', 'Bloodthirster', ""Warden's Mail"", 'Cloak of Agility', 'Long Sword', ""Shurelya's Battlesong"", 'Fiendish Codex', 'B. F. Sword', ""Spectre's Cowl"", 'Kraken Slayer', ""Wit's End"", ""Caulfield's Warhammer"", ""Youmuu's Ghostblade"", 'Tunneler', ""Berserker's Greaves"", 'Oblivion Orb', 'Muramana', 'Shattered Armguard', 'Maw of Malmortius', ""Knight's Vow"", 'Stormsurge', 'Iceborn Gauntlet', 'Redemption', 'Statikk Shiv', 'Tear of the Goddess', 'Chainlaced Crushers', ""Lord Dominik's Regards"", 'Kaenic Rookern', 'Moonstone Renewer', 'Experimental Hexplate', 'Gunmetal Greaves', 'Symbiotic Soles', 'Runic Compass', 'Opportunity', 'Cryptbloom', 'Verdant Barrier', 'Sunfire Aegis', ""Bloodletter's Curse"", ""Executioner's Calling"", ""Mejai's Soulstealer"", 'Yun Tal Wildarrows', ""Scout's Slingshot"", 'Sheen', 'Crimson Lucidity', 'Cloth Armor', 'Boots', 'Slightly Magical Footwear', 'Null-Magic Mantle', ""Winter's Approach"", ""Runaan's Hurricane"", 'Aether Wisp', 'Trailblazer', 'Ruby Crystal', 'Force of Nature', 'Hextech Alternator', 'Navori Flickerblade', ""Warmog's Armor"", 'Armored Advance', 'Rod of Ages', 'Synchronized Souls', 'Quicksilver Sash', 'Bramble Vest', 'Chain Vest', ""Zeke's Convergence"", 'Cull', 'Profane Hydra', 'Fated Ashes', 'Echoes of Helia', 'Tiamat', 'Zeal', 'Sapphire Crystal', 'Hearthbound Axe', ""Overlord's Bloodmail"", 'Mercurial Scimitar', 'Morellonomicon', 'Manamune', 'Winged Moonplate', ""Archangel's Staff"", 'Recurve Bow', 'Glacial Buckler', 'Ardent Censer', 'Lost Chapter', 'Umbral Glaive', ""Bami's Cinder"", 'Axiom Arc', 'Bandleglass Mirror', 'The Brutalizer', 'Imperial Mandate', 'Your Cut', 'Forever Forward', 'Staff of Flowing Water', 'Rejuvenation Bead']",0
item1,First legendary item player bought,Nominal,"['Ionian Boots of Lucidity', 'Infinity Edge', 'Blade of The Ruined King', ""Nashor's Tooth"", 'Pickaxe', 'Malignance', 'Gunmetal Greaves', 'Tunneler', 'Heartsteel', 'Ruby Crystal', 'Plated Steelcaps', 'Hollow Radiance', 'Sunfire Aegis', 'Sundered Sky', '0', ""Seraph's Embrace"", 'Titanic Hydra', 'Locket of the Iron Solari', 'Control Ward', 'Hextech Rocketbelt', ""Zhonya's Hourglass"", 'Dark Seal', 'Needlessly Large Rod', ""Serpent's Fang"", ""Berserker's Greaves"", ""Liandry's Torment"", 'Trinity Force', 'Slightly Magical Footwear', 'Boots', 'Refillable Potion', 'Imperial Mandate', ""Sorcerer's Shoes"", 'Blighting Jewel', 'Chainlaced Crushers', 'Unending Despair', 'Eclipse', 'Crimson Lucidity', 'Shadowflame', 'Spirit Visage', 'Boots of Swiftness', 'The Collector', 'Riftmaker', 'Lich Bane', 'Fiendish Codex', 'Profane Hydra', 'Rectrix', ""Rylai's Crystal Scepter"", 'Cull', 'Guardian Angel', ""Luden's Companion"", 'Void Staff', 'Yun Tal Wildarrows', 'Tiamat', ""Randuin's Omen"", 'Stridebreaker', ""Sterak's Gage"", 'Hubris', 'Kindlegem', ""Dead Man's Plate"", 'Redemption', 'Serrated Dirk', 'Voltaic Cyclosword', 'Opportunity', ""Giant's Belt"", 'Kraken Slayer', ""Rabadon's Deathcap"", ""Doran's Blade"", 'Edge of Night', ""Executioner's Calling"", 'Fimbulwinter', ""Zeke's Convergence"", 'Ravenous Hydra', 'Stormsurge', 'Bloodthirster', 'Health Potion', 'Mortal Reminder', ""Mercury's Treads"", 'Long Sword', 'Muramana', 'Kaenic Rookern', 'Aegis of the Legion', 'Force of Nature', 'Spear of Shojin', ""Spectre's Cowl"", ""Mikael's Blessing"", ""Death's Dance"", 'Iceborn Gauntlet', 'Black Cleaver', 'B. F. Sword', ""Mejai's Soulstealer"", ""Knight's Vow"", ""Doran's Shield"", 'Forbidden Idol', 'Maw of Malmortius', 'Shattered Armguard', ""Wit's End"", 'Haunting Guise', 'Rapid Firecannon', 'Amplifying Tome', 'Bloodsong', 'Null-Magic Mantle', 'Blasting Wand', ""Spellslinger's Shoes"", 'Experimental Hexplate', 'Recurve Bow', ""Doran's Ring"", 'Negatron Cloak', 'Immortal Shieldbow', ""Serylda's Grudge"", ""Youmuu's Ghostblade"", 'Echoes of Helia', 'Chain Vest', 'Thornmail', ""Guinsoo's Rageblade"", 'Hearthbound Axe', 'Tear of the Goddess', 'Blackfire Torch', ""Seeker's Armguard"", 'Cosmic Drive', ""Shurelya's Battlesong"", 'Swiftmarch', 'Dream Maker', ""Archangel's Staff"", 'Morellonomicon', 'World Atlas', ""Jak'Sho, The Protean"", 'Umbral Glaive', 'Watchful Wardstone', 'Armored Advance', 'Bramble Vest', 'Steel Sigil', 'Quicksilver Sash', 'Hullbreaker', 'Navori Flickerblade', 'Last Whisper', ""Caulfield's Warhammer"", 'Noonquiver', 'Hextech Alternator', 'Moonstone Renewer', 'Phage', 'Phantom Dancer', 'Frozen Heart', 'Rod of Ages', 'Essence Reaver', ""Scout's Slingshot"", 'Manamune', ""Winter's Approach"", 'Gustwalker Hatchling', 'Horizon Focus', 'Cloak of Agility', 'Glacial Buckler', ""Banshee's Veil"", 'Celestial Opposition', 'Trailblazer', 'Total Biscuit of Everlasting Will', 'Abyssal Mask', 'Cloth Armor', ""Bloodletter's Curse"", ""Lord Dominik's Regards"", 'Dawncore', 'Crystalline Bracer', 'Axiom Arc', 'Dagger', 'Staff of Flowing Water', ""Zaz'Zak's Realmspike"", 'Statikk Shiv', 'Oblivion Orb', 'Solstice Sleigh', 'Cryptbloom', 'Fated Ashes', 'The Brutalizer', 'Ardent Censer', 'Verdant Barrier', ""Warden's Mail"", 'Zeal', 'Lost Chapter', 'Hexdrinker', 'Aether Wisp', ""Bami's Cinder"", 'Mosstomper Seedling', 'Runic Compass', 'Synchronized Souls', 'Terminus', 'Mercurial Scimitar', ""Runaan's Hurricane"", 'Winged Moonplate', 'Bandleglass Mirror', 'Forever Forward', 'Sheen', 'Scorchclaw Pup', 'Vampiric Scepter', 'Sapphire Crystal', 'Symbiotic Soles', 'Glowing Mote', ""Warmog's Armor"", 'Catalyst of Aeons', 'Vigilant Wardstone', 'Chempunk Chainsword']",0
item2,Secondary legendary item player bought,Nominal,"['0', 'Rapid Firecannon', 'Gunmetal Greaves', 'Dark Seal', 'Yun Tal Wildarrows', 'Stormsurge', 'Blade of The Ruined King', 'Chainlaced Crushers', 'Control Ward', 'Ionian Boots of Lucidity', 'Sunfire Aegis', 'Plated Steelcaps', 'Shattered Armguard', ""Shurelya's Battlesong"", ""Rylai's Crystal Scepter"", ""Sorcerer's Shoes"", 'Ruby Crystal', 'Shadowflame', 'Eclipse', 'Sundered Sky', 'Cloth Armor', 'The Collector', ""Serpent's Fang"", 'Edge of Night', 'Quicksilver Sash', ""Nashor's Tooth"", 'Muramana', ""Lord Dominik's Regards"", ""Sterak's Gage"", 'Dream Maker', ""Rabadon's Deathcap"", 'Horizon Focus', 'Kraken Slayer', 'Spirit Visage', 'Boots of Swiftness', 'Blackfire Torch', 'Bloodsong', 'Black Cleaver', 'Void Staff', 'Riftmaker', 'Moonstone Renewer', ""Mercury's Treads"", 'Redemption', 'Malignance', ""Youmuu's Ghostblade"", ""Randuin's Omen"", ""Zhonya's Hourglass"", ""Serylda's Grudge"", 'Recurve Bow', 'Refillable Potion', 'Maw of Malmortius', 'Cloak of Agility', ""Berserker's Greaves"", 'Boots', ""Liandry's Torment"", 'Stridebreaker', 'Blighting Jewel', 'Swiftmarch', 'Long Sword', 'Infinity Edge', 'Iceborn Gauntlet', 'Phage', 'Pickaxe', 'Phantom Dancer', ""Bloodletter's Curse"", 'Thornmail', ""Doran's Blade"", 'Mortal Reminder', 'Profane Hydra', 'Fimbulwinter', ""Seraph's Embrace"", ""Guinsoo's Rageblade"", 'Trinity Force', 'Unending Despair', 'Voltaic Cyclosword', 'Last Whisper', 'Verdant Barrier', ""Executioner's Calling"", 'Axiom Arc', 'Haunting Guise', 'Ravenous Hydra', 'Oblivion Orb', 'Dagger', 'Slightly Magical Footwear', ""Zeke's Convergence"", 'Bloodthirster', 'Amplifying Tome', 'Negatron Cloak', 'Spear of Shojin', ""Knight's Vow"", 'Tear of the Goddess', 'Vampiric Scepter', 'Celestial Opposition', 'Dawncore', 'Armored Advance', ""Giant's Belt"", 'Aegis of the Legion', 'Forbidden Idol', 'Abyssal Mask', ""Bami's Cinder"", 'Needlessly Large Rod', 'Tunneler', ""Dead Man's Plate"", 'Statikk Shiv', 'Cryptbloom', 'Serrated Dirk', 'Force of Nature', 'Zeal', 'Frozen Heart', ""Luden's Companion"", 'Glowing Mote', ""Death's Dance"", ""Mejai's Soulstealer"", 'Crimson Lucidity', 'Kaenic Rookern', 'Immortal Shieldbow', 'Terminus', ""Jak'Sho, The Protean"", ""Seeker's Armguard"", 'Guardian Angel', 'Locket of the Iron Solari', 'Manamune', ""Zaz'Zak's Realmspike"", ""Caulfield's Warhammer"", 'Total Biscuit of Everlasting Will', 'Rod of Ages', 'Chain Vest', 'Hextech Rocketbelt', 'Trailblazer', ""Doran's Ring"", 'Bandleglass Mirror', 'Hollow Radiance', 'Runic Compass', 'Cosmic Drive', ""Archangel's Staff"", ""Doran's Shield"", 'Kindlegem', 'Hearthbound Axe', ""Spellslinger's Shoes"", ""Wit's End"", ""Warden's Mail"", 'Hullbreaker', 'Lich Bane', 'Blasting Wand', 'Titanic Hydra', 'Steel Sigil', 'Essence Reaver', 'Null-Magic Mantle', 'Hextech Alternator', ""Scout's Slingshot"", 'Hexdrinker', 'Fiendish Codex', 'B. F. Sword', 'Heartsteel', 'Fated Ashes', 'Faerie Charm', ""Spectre's Cowl"", 'Imperial Mandate', 'Symbiotic Soles', 'Winged Moonplate', 'Ardent Censer', 'Hubris', ""Mikael's Blessing"", 'Aether Wisp', ""Runaan's Hurricane"", 'Bramble Vest', 'Echoes of Helia', 'Umbral Glaive', 'Health Potion', 'Lost Chapter', 'Synchronized Souls', 'Glacial Buckler', 'Cull', 'Noonquiver', 'Solstice Sleigh', ""Banshee's Veil"", 'Forever Forward', 'Rectrix', 'Elixir of Force', 'Opportunity', 'Staff of Flowing Water', 'Rejuvenation Bead', 'Morellonomicon', ""Winter's Approach"", 'Navori Flickerblade', 'Elixir of Sorcery', 'Catalyst of Aeons', 'Gustwalker Hatchling', 'Sapphire Crystal', 'Mercurial Scimitar', 'Watchful Wardstone', 'Chempunk Chainsword', 'Vigilant Wardstone', 'Tiamat', 'Crystalline Bracer', 'The Brutalizer', 'Experimental Hexplate', 'Sheen', 'Scorchclaw Pup', ""Warmog's Armor""]",0
item3,Third legendary item player bought,Nominal,"['Amplifying Tome', 'Trinity Force', ""Guinsoo's Rageblade"", ""Rabadon's Deathcap"", 'Cloak of Agility', 'Dark Seal', 'Plated Steelcaps', 'Negatron Cloak', 'Black Cleaver', 'Control Ward', '0', ""Warden's Mail"", 'Riftmaker', 'Kindlegem', 'Ionian Boots of Lucidity', 'Tunneler', 'Ruby Crystal', ""Sorcerer's Shoes"", ""Spectre's Cowl"", 'Shadowflame', ""Sterak's Gage"", 'Spirit Visage', 'Blackfire Torch', 'Long Sword', ""Liandry's Torment"", ""Seraph's Embrace"", 'Armored Advance', 'Blade of The Ruined King', 'Sundered Sky', 'The Collector', 'Needlessly Large Rod', 'Tear of the Goddess', 'Fimbulwinter', ""Luden's Companion"", 'Boots of Swiftness', 'Hullbreaker', ""Doran's Blade"", 'Unending Despair', 'Cosmic Drive', 'Stormsurge', ""Caulfield's Warhammer"", ""Doran's Ring"", 'Force of Nature', ""Mercury's Treads"", 'Forbidden Idol', 'Dagger', 'Faerie Charm', 'Slightly Magical Footwear', 'Horizon Focus', ""Serpent's Fang"", 'Glowing Mote', 'Cloth Armor', 'Noonquiver', ""Nashor's Tooth"", 'Serrated Dirk', 'Mortal Reminder', ""Berserker's Greaves"", 'Hexdrinker', ""Zaz'Zak's Realmspike"", ""Serylda's Grudge"", 'Abyssal Mask', 'Void Staff', 'Spear of Shojin', 'Chainlaced Crushers', ""Dead Man's Plate"", 'Swiftmarch', 'Opportunity', 'Heartsteel', 'Essence Reaver', 'Hollow Radiance', ""Giant's Belt"", 'Boots', 'Last Whisper', 'Refillable Potion', ""Spellslinger's Shoes"", ""Doran's Shield"", 'Iceborn Gauntlet', ""Rylai's Crystal Scepter"", 'Frozen Heart', 'Bramble Vest', 'Synchronized Souls', 'Eclipse', 'Crimson Lucidity', ""Zeke's Convergence"", ""Lord Dominik's Regards"", 'Kraken Slayer', 'Muramana', ""Wit's End"", ""Death's Dance"", 'Forever Forward', 'Immortal Shieldbow', 'Infinity Edge', 'Lich Bane', ""Winter's Approach"", 'Kaenic Rookern', 'Imperial Mandate', 'Sunfire Aegis', 'Maw of Malmortius', 'Recurve Bow', 'Null-Magic Mantle', 'Winged Moonplate', 'Pickaxe', 'Celestial Opposition', ""Seeker's Armguard"", 'Bloodsong', 'Oblivion Orb', 'The Brutalizer', 'Phantom Dancer', 'Haunting Guise', ""Executioner's Calling"", 'Mercurial Scimitar', 'Dawncore', 'Voltaic Cyclosword', ""Mejai's Soulstealer"", 'Fated Ashes', 'Bandleglass Mirror', 'Moonstone Renewer', 'Morellonomicon', 'Lost Chapter', 'B. F. Sword', 'Aether Wisp', 'Ardent Censer', 'Chain Vest', 'Umbral Glaive', 'Edge of Night', 'Rapid Firecannon', 'Thornmail', ""Runaan's Hurricane"", ""Bloodletter's Curse"", 'Phage', 'Blighting Jewel', 'Fiendish Codex', 'Cull', ""Scout's Slingshot"", 'Malignance', 'Bloodthirster', 'Blasting Wand', 'Zeal', 'Gustwalker Hatchling', 'Gunmetal Greaves', 'Chempunk Chainsword', ""Banshee's Veil"", ""Knight's Vow"", ""Overlord's Bloodmail"", 'Yun Tal Wildarrows', 'Cryptbloom', 'Hextech Alternator', 'Staff of Flowing Water', 'Redemption', 'Trailblazer', 'Echoes of Helia', 'Statikk Shiv', 'Solstice Sleigh', 'World Atlas', 'Locket of the Iron Solari', 'Symbiotic Soles', 'Hubris', 'Manamune', 'Navori Flickerblade', 'Terminus', ""Zhonya's Hourglass"", ""Youmuu's Ghostblade"", 'Steel Sigil', 'Glacial Buckler', 'Experimental Hexplate', 'Rectrix', ""Mikael's Blessing"", ""Warmog's Armor"", 'Guardian Angel', 'Rod of Ages', ""Archangel's Staff"", 'Vampiric Scepter', 'Sheen', ""Randuin's Omen"", 'Shattered Armguard', ""Jak'Sho, The Protean"", ""Shurelya's Battlesong"", 'Hearthbound Axe', ""Bami's Cinder"", 'Aegis of the Legion', 'Dream Maker', 'Tiamat', 'Verdant Barrier', 'Health Potion', 'Quicksilver Sash', 'Watchful Wardstone', 'Sapphire Crystal', 'Total Biscuit of Everlasting Will', 'Axiom Arc', 'Scorchclaw Pup']",0
item4,Fourth legendary item player bought,Nominal,"['Blackfire Torch', 'Muramana', '0', 'Riftmaker', 'B. F. Sword', 'Control Ward', 'Recurve Bow', 'Black Cleaver', 'Null-Magic Mantle', 'Sundered Sky', 'Spear of Shojin', 'Cloth Armor', 'Thornmail', 'Boots', 'Plated Steelcaps', 'Faerie Charm', 'Haunting Guise', 'The Collector', 'Unending Despair', 'Heartsteel', 'Dark Seal', 'Ionian Boots of Lucidity', ""Sorcerer's Shoes"", 'Steel Sigil', ""Mercury's Treads"", 'Oblivion Orb', 'Voltaic Cyclosword', 'Immortal Shieldbow', ""Caulfield's Warhammer"", 'Ruby Crystal', 'Infinity Edge', 'Cosmic Drive', 'Eclipse', ""Rabadon's Deathcap"", 'Void Staff', ""Sterak's Gage"", ""Executioner's Calling"", ""Doran's Shield"", 'Long Sword', 'Slightly Magical Footwear', ""Dead Man's Plate"", 'Tunneler', 'Glowing Mote', 'Pickaxe', 'Dagger', 'Boots of Swiftness', 'Kindlegem', 'Edge of Night', ""Wit's End"", 'Hubris', 'Amplifying Tome', 'Needlessly Large Rod', 'Blade of The Ruined King', ""Berserker's Greaves"", ""Liandry's Torment"", 'Phantom Dancer', ""Spellslinger's Shoes"", 'Serrated Dirk', 'Fiendish Codex', 'Negatron Cloak', 'Trinity Force', 'Symbiotic Soles', 'Shadowflame', 'Armored Advance', ""Youmuu's Ghostblade"", 'Iceborn Gauntlet', 'Terminus', 'Blasting Wand', ""Doran's Blade"", ""Serpent's Fang"", 'Swiftmarch', 'Navori Flickerblade', ""Giant's Belt"", 'Noonquiver', 'Locket of the Iron Solari', 'Mortal Reminder', 'Chainlaced Crushers', 'Horizon Focus', ""Mejai's Soulstealer"", ""Nashor's Tooth"", 'Malignance', 'Frozen Heart', 'Rapid Firecannon', 'Lost Chapter', ""Spectre's Cowl"", 'Morellonomicon', 'Kraken Slayer', 'Cloak of Agility', 'Fimbulwinter', ""Mikael's Blessing"", ""Death's Dance"", 'Vampiric Scepter', 'Chain Vest', 'Blighting Jewel', 'Bandleglass Mirror', 'Chempunk Chainsword', 'Opportunity', 'Hextech Alternator', ""Knight's Vow"", 'Crimson Lucidity', 'Moonstone Renewer', 'Stormsurge', ""Doran's Ring"", 'Lich Bane', 'Hullbreaker', 'Spirit Visage', 'Last Whisper', 'Maw of Malmortius', 'Trailblazer', 'Health Potion', 'Dawncore', ""Lord Dominik's Regards"", 'Force of Nature', ""Seraph's Embrace"", 'Bloodthirster', ""Jak'Sho, The Protean"", 'Forbidden Idol', 'Sunfire Aegis', 'Dream Maker', ""Guinsoo's Rageblade"", ""Zeke's Convergence"", 'Hearthbound Axe', 'Tear of the Goddess', 'Abyssal Mask', ""Serylda's Grudge"", 'Experimental Hexplate', 'Redemption', 'Zeal', 'Aegis of the Legion', ""Warden's Mail"", 'Sapphire Crystal', ""Scout's Slingshot"", 'Yun Tal Wildarrows', 'Essence Reaver', 'Statikk Shiv', ""Runaan's Hurricane"", 'Winged Moonplate', 'Kaenic Rookern', ""Rylai's Crystal Scepter"", ""Archangel's Staff"", 'Phage', 'Cryptbloom', ""Luden's Companion"", ""Bloodletter's Curse"", 'Hollow Radiance', 'The Brutalizer', 'Manamune', 'Umbral Glaive', 'Cull', 'Crystalline Bracer', 'Bramble Vest', 'Gustwalker Hatchling', 'Ardent Censer', ""Banshee's Veil"", 'Imperial Mandate', 'Verdant Barrier', 'Echoes of Helia', 'Fated Ashes', 'Glacial Buckler', 'Sheen', 'Shattered Armguard', ""Seeker's Armguard"", 'Hexdrinker', 'Refillable Potion', 'Total Biscuit of Everlasting Will', 'Aether Wisp', ""Bami's Cinder"", 'Guardian Angel', 'Gunmetal Greaves', 'Staff of Flowing Water', 'Rod of Ages', ""Zhonya's Hourglass"", ""Overlord's Bloodmail"", 'Axiom Arc', 'Synchronized Souls', ""Randuin's Omen"", 'Rejuvenation Bead', ""Warmog's Armor"", 'Stridebreaker', 'Watchful Wardstone', 'Forever Forward', 'Quicksilver Sash', 'Tiamat', ""Shurelya's Battlesong"", 'Ravenous Hydra', 'Catalyst of Aeons', 'Titanic Hydra', 'Mosstomper Seedling', 'Elixir of Sorcery', 'Bloodsong']",0
item5,Sixth legendary item player bought,Nominal,"['0', 'Plated Steelcaps', 'Boots of Swiftness', ""Sorcerer's Shoes"", ""Doran's Shield"", 'Sundered Sky', 'Sunfire Aegis', 'Null-Magic Mantle', 'Phage', 'Imperial Mandate', 'Fiendish Codex', 'Ruby Crystal', 'Armored Advance', 'Stormsurge', 'Kindlegem', 'Black Cleaver', 'Trinity Force', 'Haunting Guise', 'Horizon Focus', 'Spear of Shojin', ""Doran's Blade"", ""Serylda's Grudge"", ""Jak'Sho, The Protean"", 'Long Sword', 'Tunneler', 'Rapid Firecannon', ""Caulfield's Warhammer"", 'Ionian Boots of Lucidity', 'Forbidden Idol', 'Blasting Wand', ""Wit's End"", ""Rabadon's Deathcap"", 'Shadowflame', 'Glowing Mote', 'Dark Seal', 'Cloak of Agility', ""Dead Man's Plate"", 'Amplifying Tome', 'Blade of The Ruined King', 'Recurve Bow', 'Cloth Armor', ""Banshee's Veil"", 'Control Ward', 'Last Whisper', ""Serpent's Fang"", 'Dagger', ""Executioner's Calling"", 'Fimbulwinter', ""Mercury's Treads"", 'Verdant Barrier', 'Pickaxe', 'Moonstone Renewer', ""Liandry's Torment"", ""Spectre's Cowl"", 'Aegis of the Legion', 'Hexdrinker', ""Zeke's Convergence"", 'Boots', 'Muramana', 'Void Staff', 'Yun Tal Wildarrows', ""Spellslinger's Shoes"", 'Abyssal Mask', 'B. F. Sword', 'Sheen', 'Chain Vest', 'Needlessly Large Rod', 'Negatron Cloak', 'Chainlaced Crushers', 'Swiftmarch', 'Oblivion Orb', ""Nashor's Tooth"", 'Hextech Alternator', ""Warden's Mail"", ""Berserker's Greaves"", 'Voltaic Cyclosword', 'Synchronized Souls', ""Doran's Ring"", 'Spirit Visage', 'Iceborn Gauntlet', 'Guardian Angel', ""Mejai's Soulstealer"", 'Locket of the Iron Solari', 'Hearthbound Axe', 'Crimson Lucidity', 'Blighting Jewel', ""Lord Dominik's Regards"", 'Slightly Magical Footwear', ""Giant's Belt"", 'Steel Sigil', 'Riftmaker', 'Gunmetal Greaves', 'World Atlas', 'Unending Despair', ""Sterak's Gage"", 'Gustwalker Hatchling', 'Ardent Censer', 'Eclipse', 'Blackfire Torch', 'Zeal', 'Kraken Slayer', 'Phantom Dancer', ""Guinsoo's Rageblade"", 'Statikk Shiv', ""Death's Dance"", 'Fated Ashes', 'Kaenic Rookern', 'Rod of Ages', 'Malignance', 'Refillable Potion', ""Rylai's Crystal Scepter"", 'Sapphire Crystal', 'Winged Moonplate', ""Luden's Companion"", 'The Collector', 'Morellonomicon', 'Hubris', 'Dawncore', 'Serrated Dirk', ""Scout's Slingshot"", 'Vampiric Scepter', 'Trailblazer', ""Seraph's Embrace"", ""Mikael's Blessing"", 'Scorchclaw Pup', 'Bramble Vest', 'Heartsteel', 'Thornmail', 'Glacial Buckler', 'Shattered Armguard', 'Cosmic Drive', 'Bloodthirster', 'Staff of Flowing Water', 'Bandleglass Mirror', ""Bloodletter's Curse"", 'Hextech Rocketbelt', 'Mortal Reminder', 'Hollow Radiance', 'Infinity Edge', 'Hullbreaker', 'Rectrix', 'Aether Wisp', ""Knight's Vow"", 'Cryptbloom', 'Frozen Heart', 'Force of Nature', 'Faerie Charm', ""Youmuu's Ghostblade"", 'Watchful Wardstone', 'Immortal Shieldbow', 'Terminus', 'Tear of the Goddess', 'Maw of Malmortius', 'Echoes of Helia', ""Overlord's Bloodmail"", 'Chempunk Chainsword', 'Noonquiver', 'Lost Chapter', ""Zhonya's Hourglass"", ""Runaan's Hurricane"", 'Essence Reaver', 'Edge of Night', 'Forever Forward', ""Seeker's Armguard"", 'Lich Bane', ""Shurelya's Battlesong"", 'Tiamat', 'Umbral Glaive', 'Crystalline Bracer', 'Cull', 'Ravenous Hydra', 'Stridebreaker', 'The Brutalizer', 'Opportunity', 'Redemption', 'Profane Hydra', 'Titanic Hydra', 'Rejuvenation Bead', 'Mosstomper Seedling', 'Navori Flickerblade', 'Axiom Arc', 'Dream Maker', 'Bloodsong', 'Celestial Opposition', ""Bami's Cinder"", 'Solstice Sleigh', 'Bounty of Worlds', 'Elixir of Iron', 'Your Cut', ""Zaz'Zak's Realmspike"", 'Symbiotic Soles', 'Quicksilver Sash']",0
wardTypeBought,Type of ward player bought,Nominal,"['Oracle Lens', 'Farsight Alteration', 'Stealth Ward', 'Eye of the Herald', '0', 'Scarecrow Effigy']",0
itemsPurchased,Total number of items purchased by the player,Ratio,"(0, 59)",0
consumablesPurchased,Total number of consumables pruchased by the player,Ratio,"(0, 48)",0
totalDamageDealt,Total damage dealt by the player,Ratio,"(0, 600154)",0
magicDamageDealt,Total magic damage dealt by the player,Ratio,"(0, 461163)",0
physicalDamageDealt,Total physical damage dealt by the player,Ratio,"(0, 507242)",0
trueDamageDealt,Total true damage dealth by the player,Ratio,"(0, 260908)",0
totalDamageDealtToChampions,Total damage dealth by the player to enemy champions,Ratio,"(0, 113022)",0
magicDamageDealtToChampions,Total magic damage dealth by the player to enemy champions,Ratio,"(0, 109120)",0
physicalDamageDealtToChampions,Total physical damage dealth by the player to enemy champions,Ratio,"(0, 72006)",0
trueDamageDealtToChampions,Total True damage dealth by the player to enemy champions,Ratio,"(0, 51044)",0
totalDamageTaken,Total damage taken by player,Ratio,"(0, 124399)",0
magicDamageTaken,Total magic damage taken by player,Ratio,"(0, 46180)",0
physicalDamageTaken,Total physical damage taken by player,Ratio,"(0, 77217)",0
trueDamageTaken,Total true damage taken by player,Ratio,"(0, 18378)",0
totalHeal,Total healing the player did (self healing),Ratio,"(0, 107769)",0
totalUnitsHealed,Number of units that the player healed,Ratio,"(0, 31)",0
totalHealsOnTeammates,Total number of heals that the player did on ally champions,Ratio,"(0, 64527)",0
totalDamageShieldedOnTeammates,Total amount of damage blocked by shielding on ally champions by player,Ratio,"(0, 38074)",0
damageSelfMitigated,Total amount of damage blocked by shielding on self,Ratio,"(0, 224757)",0
timeCCingOthers,Amount of time speant crowd controling enemy champions by player,Ratio,"(0, 360)",0
totalTimeCCDealt,Total amount of time that crowd control was dealth,Ratio,"(0, 3768)",0
atakhan_killed,Did the players team kill atakhan?,Nominal,"(False, True)",0
playerSide,Is the player on the red or blue side of the map,Nominal,"['Blue', 'Red']",0
blue_champ1,Champion that blue player (# to left) picked,Nominal,"['Kennen', 'Cassiopeia', 'KSante', 'Camille', 'Ambessa', 'Aurora', 'Chogath', 'Jayce', 'Ornn', 'Singed', 'Tryndamere', 'Qiyana', 'Olaf', 'Fiora', 'Yasuo', 'Urgot', 'Rumble', 'Nasus', 'Jax', 'Azir', 'Vladimir', 'Shen', 'Udyr', 'Sion', 'Aatrox', 'Garen', 'LeeSin', 'Zac', 'Mel', 'Yone', 'Sett', 'Darius', 'DrMundo', 'MonkeyKing', 'Galio', 'Riven', 'Kled', 'Neeko', 'Vayne', 'Gwen', 'Pantheon', 'Teemo', 'Smolder', 'Maokai', 'Gnar', 'Gangplank', 'Renekton', 'AurelionSol', 'Akali', 'Viktor', 'Irelia', 'Ezreal', 'Zoe', 'TahmKench', 'Swain', 'Nocturne', 'Zed', 'Kayle', 'Taliyah', 'Leblanc', 'Rengar', 'Soraka', 'Gragas', 'Warwick', 'Anivia', 'Heimerdinger', 'Poppy', 'XinZhao', 'Kaisa', 'Malphite', 'Corki', 'Briar', 'Lulu', 'Viego', 'Graves', 'Sylas', 'Veigar', 'Draven', 'Nidalee', 'Mordekaiser', 'KogMaw', 'Volibear', 'Thresh', 'Ryze', 'Amumu', 'Janna', 'Evelynn', 'MasterYi', 'Ekko', 'Illaoi', 'Karma', 'Velkoz', 'Ahri', 'Nautilus', 'Vex', 'Yorick', 'FiddleSticks', 'Hwei', 'Varus', 'Sejuani', 'Trundle', 'Samira', 'Quinn', 'Skarner', 'Bard', 'Jinx', 'MissFortune', 'Akshan', 'Leona', 'Lissandra', 'Talon', 'Xerath', 'Annie', 'Ivern', 'Zilean', 'Kayn', 'Nunu', 'Caitlyn', 'Syndra', 'Kassadin', 'Diana', 'Taric', 'Katarina', 'Kindred', 'Elise', 'Morgana', 'Jhin', 'Zeri', 'Zyra', 'Kalista', 'TwistedFate', 'Belveth', 'Malzahar', 'JarvanIV', 'Naafiri', 'Hecarim', 'Ashe', 'Fizz', 'Renata', 'Shaco', 'Tristana', 'RekSai', 'Karthus', 'Lux', 'Blitzcrank', 'Orianna']",0
blue_champ2,Champion that blue player (# to left) picked,Nominal,"['Talon', 'Vi', 'Nunu', 'MasterYi', 'Zac', 'LeeSin', 'Pantheon', 'Diana', 'MonkeyKing', 'Khazix', 'FiddleSticks', 'JarvanIV', 'Hecarim', 'Ekko', 'Viego', 'Lillia', 'Nidalee', 'XinZhao', 'Rengar', 'Kindred', 'Jax', 'Zyra', 'Teemo', 'Evelynn', 'Karthus', 'Ivern', 'Ambessa', 'Kayn', 'Urgot', 'Taliyah', 'Shaco', 'Graves', 'Cassiopeia', 'Volibear', 'Skarner', 'Sejuani', 'Elise', 'Gwen', 'Udyr', 'Maokai', 'Rumble', 'Sylas', 'Gragas', 'Morgana', 'Rammus', 'Riven', 'Galio', 'Singed', 'Sion', 'Poppy', 'RekSai', 'DrMundo', 'Shyvana', 'Malphite', 'Belveth', 'Amumu', 'Braum', 'Darius', 'Qiyana', 'Corki', 'AurelionSol', 'Lissandra', 'Yuumi', 'Zoe', 'Nocturne', 'Irelia', 'Azir', 'Warwick', 'Briar', 'Chogath', 'Sett', 'Zed', 'Ashe', 'Jhin', 'Camille', 'Malzahar', 'Kaisa', 'Brand', 'Jayce', 'Olaf', 'Naafiri', 'Nami', 'Bard', 'Yone', 'Zeri', 'Pyke', 'Aphelios', 'Neeko', 'Caitlyn', 'Twitch', 'Taric', 'Garen', 'Nasus', 'Alistar', 'MissFortune', 'TwistedFate', 'Vayne', 'Vladimir', 'Mel', 'TahmKench', 'Orianna', 'Mordekaiser', 'Yasuo', 'Karma', 'Syndra', 'Blitzcrank', 'Ornn', 'Varus', 'Lucian', 'Ziggs', 'Hwei', 'Jinx', 'Shen', 'Nautilus', 'Nilah', 'Gnar', 'Xayah', 'Tryndamere', 'Viktor', 'Ezreal', 'Senna', 'KSante', 'Leona', 'Akali', 'Draven', 'Veigar', 'Ahri', 'Thresh', 'Lulu', 'Swain']",0
blue_champ3,Champion that blue player (# to left) picked,Nominal,"['Ambessa', 'Mel', 'Syndra', 'Orianna', 'Lucian', 'Azir', 'Taliyah', 'Zed', 'Ahri', 'Galio', 'Viktor', 'Garen', 'Akali', 'Yone', 'Ekko', 'Corki', 'Hwei', 'Sylas', 'Akshan', 'Viego', 'Zoe', 'Fizz', 'Cassiopeia', 'Aurora', 'Qiyana', 'Irelia', 'Swain', 'Smolder', 'Xerath', 'Kindred', 'Vladimir', 'Tryndamere', 'Rengar', 'Varus', 'Naafiri', 'Lissandra', 'KSante', 'Yasuo', 'Diana', 'Talon', 'Anivia', 'Neeko', 'AurelionSol', 'Nasus', 'Zilean', 'Kaisa', 'Rell', 'Veigar', 'TwistedFate', 'Ryze', 'LeeSin', 'Katarina', 'Jayce', 'Riven', 'Pyke', 'Ezreal', 'Rumble', 'KogMaw', 'Gangplank', 'Zac', 'Volibear', 'Lux', 'MissFortune', 'Alistar', 'Tristana', 'Urgot', 'Janna', 'Kassadin', 'Gragas', 'Leblanc', 'Annie', 'Pantheon', 'Belveth', 'Vex', 'Poppy', 'Chogath', 'MonkeyKing', 'Seraphine', 'Kennen', 'Kled', 'Milio', 'Gwen', 'Nunu', 'Jhin', 'Kayle', 'Velkoz', 'Sivir', 'Zeri', 'Udyr', 'Soraka', 'Ziggs', 'Morgana', 'Brand', 'Fiora', 'Briar', 'Malzahar', 'Twitch', 'Singed', 'Renekton', 'Draven', 'Caitlyn', 'Quinn', 'Olaf', 'JarvanIV', 'Karma', 'Shen', 'Ornn', 'Xayah', 'Skarner', 'Nautilus', 'Aatrox', 'Samira', 'Mordekaiser', 'Kalista', 'Leona', 'DrMundo', 'Gnar', 'Nami', 'Lulu', 'Sett', 'Yuumi', 'Senna', 'Heimerdinger', 'Sion', 'Malphite', 'Hecarim', 'XinZhao', 'Kayn', 'FiddleSticks', 'Thresh', 'Jinx', 'Yorick', 'Graves', 'Zyra', 'Sejuani', 'RekSai', 'Nidalee', 'Vi', 'Illaoi', 'Vayne', 'Camille', 'Karthus', 'Elise', 'Amumu', 'Jax', 'Darius', 'Shyvana', 'Shaco', 'Taric', 'Aphelios', 'Sona', 'Warwick']",0
blue_champ4,Champion that blue player (# to left) picked,Nominal,"['Ezreal', 'Corki', 'Varus', 'Mel', 'Lux', 'Ashe', 'Nilah', 'Jhin', 'MissFortune', 'Smolder', 'Kalista', 'Draven', 'Viktor', 'Jinx', 'Kaisa', 'Azir', 'Zeri', 'Caitlyn', 'Seraphine', 'Cassiopeia', 'Twitch', 'Aphelios', 'Lucian', 'Tristana', 'Hwei', 'Xayah', 'Zyra', 'Syndra', 'Vayne', 'Sivir', 'Urgot', 'Yone', 'Ekko', 'Galio', 'Riven', 'Velkoz', 'Elise', 'KogMaw', 'Ahri', 'Karthus', 'Nunu', 'Swain', 'AurelionSol', 'Ziggs', 'Katarina', 'Chogath', 'Akshan', 'Samira', 'Milio', 'Irelia', 'Aurora', 'MasterYi', 'Gragas', 'Zilean', 'Brand', 'Vex', 'Jayce', 'Taliyah', 'Karma', 'Senna', 'Janna', 'Veigar', 'Yasuo', 'Singed', 'Nautilus', 'Gwen', 'Sona', 'Xerath', 'Sylas', 'Vladimir', 'Qiyana', 'Ryze', 'Heimerdinger', 'Lissandra', 'Ornn', 'DrMundo', 'JarvanIV', 'Olaf', 'Rakan', 'Pyke', 'XinZhao', 'Illaoi', 'Orianna', 'Akali', 'Zoe', 'Rengar', 'Zac', 'Thresh', 'Quinn', 'Taric', 'Alistar', 'KSante', 'Lulu', 'LeeSin', 'MonkeyKing', 'Teemo', 'Poppy', 'Neeko', 'Graves', 'TwistedFate', 'Fiora', 'Nami', 'Kassadin', 'Zed', 'Kindred', 'Evelynn', 'Morgana', 'RekSai', 'Malphite', 'Leona', 'Malzahar', 'Maokai', 'Talon', 'Nasus', 'Viego', 'TahmKench', 'Diana', 'Sion', 'Yuumi', 'Anivia', 'Jax', 'Rell']",0
blue_champ5,Champion that blue player (# to left) picked,Nominal,"['Mel', 'Nami', 'Bard', 'Poppy', 'Neeko', 'Varus', 'Pantheon', 'Pyke', 'Sona', 'Senna', 'Rell', 'Janna', 'Seraphine', 'Lux', 'Zyra', 'Jax', 'Elise', 'Thresh', 'Skarner', 'Nautilus', 'Yuumi', 'Karma', 'Soraka', 'Zoe', 'Shen', 'Blitzcrank', 'Lulu', 'Camille', 'Milio', 'FiddleSticks', 'TahmKench', 'Leona', 'Alistar', 'Taric', 'Renata', 'Maokai', 'Braum', 'Galio', 'Zilean', 'Rakan', 'Ashe', 'Ivern', 'Corki', 'Zac', 'KSante', 'Urgot', 'Velkoz', 'Viktor', 'Gragas', 'Lillia', 'Kennen', 'Morgana', 'Syndra', 'Qiyana', 'MissFortune', 'Jayce', 'Brand', 'Shaco', 'Sett', 'Ornn', 'Xerath', 'Yasuo', 'Sivir', 'Hwei', 'Kayle', 'Rammus', 'Viego', 'Taliyah', 'Leblanc', 'Cassiopeia', 'Garen', 'MasterYi', 'Sylas', 'Sejuani', 'MonkeyKing', 'Renekton', 'Ahri', 'Volibear', 'Anivia', 'Jhin', 'Nunu', 'XinZhao', 'Amumu', 'Annie', 'Akshan', 'Riven', 'Vladimir', 'Orianna', 'Veigar', 'Kled', 'Rengar', 'Malphite', 'Chogath', 'Vi', 'TwistedFate', 'Swain', 'Kaisa', 'Darius', 'Aurora', 'Teemo', 'Singed', 'Caitlyn', 'Ziggs', 'Zeri', 'Azir', 'Ezreal', 'Belveth', 'Ryze', 'Ambessa', 'Irelia', 'Katarina', 'Heimerdinger', 'Malzahar', 'Twitch', 'LeeSin', 'Khazix', 'Aatrox', 'Diana', 'Trundle', 'Fizz', 'RekSai', 'Fiora', 'Vex', 'Nocturne', 'Yone', 'Kayn', 'JarvanIV']",0
red_champ1,Champion that red player (# to left) picked,Nominal,"['Gangplank', 'Jayce', 'TahmKench', 'Garen', 'Fiora', 'Aurora', 'Sion', 'Riven', 'Trundle', 'Ornn', 'Gnar', 'Anivia', 'Kennen', 'Malphite', 'Cassiopeia', 'Irelia', 'KSante', 'Udyr', 'Camille', 'Poppy', 'Ambessa', 'Jax', 'MonkeyKing', 'Renekton', 'Yone', 'Vladimir', 'Tryndamere', 'Gwen', 'Zac', 'Aatrox', 'Rumble', 'Teemo', 'Urgot', 'Kayle', 'Taliyah', 'Shen', 'Heimerdinger', 'Sett', 'Warwick', 'Chogath', 'Azir', 'Volibear', 'LeeSin', 'Zoe', 'Mordekaiser', 'Darius', 'Yorick', 'Nasus', 'Pantheon', 'Ryze', 'Karma', 'Zeri', 'Smolder', 'Vayne', 'Singed', 'Akali', 'Sylas', 'Maokai', 'Olaf', 'Ezreal', 'DrMundo', 'Briar', 'Hwei', 'Yasuo', 'Nautilus', 'Qiyana', 'Yuumi', 'Skarner', 'Gragas', 'Viktor', 'Kled', 'Illaoi', 'Rengar', 'Twitch', 'Mel', 'Zed', 'Kalista', 'Neeko', 'Viego', 'Galio', 'Quinn', 'Pyke', 'Nidalee', 'Tristana', 'Sejuani', 'KogMaw', 'Lucian', 'TwistedFate', 'Talon', 'FiddleSticks', 'Malzahar', 'JarvanIV', 'Taric', 'Varus', 'Akshan', 'Corki', 'Rammus', 'XinZhao', 'Naafiri', 'Zilean', 'Veigar', 'Nocturne', 'Lux', 'Orianna', 'Ahri', 'Syndra', 'Janna', 'Soraka', 'Samira', 'Jhin', 'Kassadin', 'Swain', 'MissFortune', 'Vi', 'Senna', 'Alistar', 'Jinx', 'Shaco', 'Kindred', 'Lissandra', 'Ashe', 'Amumu', 'Xerath', 'Thresh', 'Annie', 'Draven', 'Elise', 'Kaisa', 'Caitlyn', 'Karthus', 'MasterYi', 'Kayn', 'RekSai', 'Lulu', 'Ekko', 'Belveth', 'Fizz', 'Lillia', 'Braum', 'AurelionSol']",0
red_champ2,Champion that red player (# to left) picked,Nominal,"['Zac', 'Taliyah', 'Pantheon', 'Gwen', 'Rengar', 'Kindred', 'Skarner', 'Zyra', 'Vi', 'Kayn', 'Graves', 'MonkeyKing', 'Gragas', 'MasterYi', 'Nidalee', 'Viego', 'LeeSin', 'Elise', 'Hecarim', 'JarvanIV', 'Shaco', 'Evelynn', 'Diana', 'Karthus', 'Urgot', 'RekSai', 'Maokai', 'XinZhao', 'Irelia', 'Talon', 'Lillia', 'Amumu', 'Udyr', 'Ekko', 'Ivern', 'Ambessa', 'Nunu', 'Nami', 'Olaf', 'Rammus', 'Nocturne', 'Shyvana', 'Darius', 'Khazix', 'Rumble', 'Anivia', 'FiddleSticks', 'DrMundo', 'Warwick', 'Trundle', 'Naafiri', 'Belveth', 'Jax', 'Briar', 'Volibear', 'Lulu', 'Viktor', 'Lissandra', 'Brand', 'Sylas', 'Annie', 'Poppy', 'Qiyana', 'Galio', 'Varus', 'Kennen', 'TwistedFate', 'Veigar', 'Jinx', 'Zed', 'Sejuani', 'Orianna', 'Lux', 'Morgana', 'Aatrox', 'Ashe', 'Garen', 'AurelionSol', 'Caitlyn', 'Sion', 'Blitzcrank', 'Mordekaiser', 'Gangplank', 'Kassadin', 'Neeko', 'Kaisa', 'Sivir', 'Zilean', 'Smolder', 'Yone', 'Yuumi', 'Kayle', 'KSante', 'Aurora', 'Malzahar', 'Leona', 'Corki', 'Renekton', 'Teemo', 'Fiora', 'Alistar', 'Nasus', 'Nautilus', 'Shen', 'Tryndamere', 'Jayce', 'Ezreal', 'Twitch', 'Vex', 'Yasuo', 'Seraphine', 'Kled', 'Gnar', 'Vladimir', 'Ahri', 'Karma', 'Hwei', 'Zeri', 'Thresh', 'Yorick', 'Soraka', 'Malphite', 'Azir', 'Cassiopeia', 'Taric', 'Xayah', 'Chogath', 'Ryze', 'Draven', 'Braum', 'Ornn', 'Sett', 'Singed', 'Bard', 'Rell', 'Leblanc', 'Xerath', 'Camille']",0
red_champ3,Champion that red player (# to left) picked,Nominal,"['Ahri', 'Naafiri', 'Viktor', 'Ambessa', 'Akshan', 'Jayce', 'Sylas', 'Syndra', 'Aurora', 'Kayle', 'Hwei', 'Azir', 'Galio', 'Akali', 'Fizz', 'Orianna', 'Kassadin', 'Ryze', 'Zoe', 'Yone', 'TwistedFate', 'Qiyana', 'Irelia', 'Vex', 'Vladimir', 'Katarina', 'Cassiopeia', 'Zilean', 'Braum', 'Gragas', 'Riven', 'Velkoz', 'Xerath', 'Corki', 'Tryndamere', 'Lux', 'Taliyah', 'TahmKench', 'Viego', 'Nocturne', 'Swain', 'Garen', 'Nautilus', 'AurelionSol', 'Yasuo', 'Ekko', 'Leblanc', 'Karma', 'LeeSin', 'Annie', 'Teemo', 'Lissandra', 'Zeri', 'Zac', 'Elise', 'KSante', 'Karthus', 'Caitlyn', 'Pantheon', 'Zyra', 'Sion', 'Gwen', 'Neeko', 'Ezreal', 'Tristana', 'Lulu', 'Renekton', 'Briar', 'Darius', 'Malzahar', 'Urgot', 'Mel', 'Varus', 'Jhin', 'Chogath', 'Talon', 'Nunu', 'Zed', 'XinZhao', 'Ziggs', 'Kennen', 'MissFortune', 'Veigar', 'Volibear', 'Anivia', 'Smolder', 'Alistar', 'Nasus', 'Pyke', 'Vayne', 'Skarner', 'Aatrox', 'Sett', 'Diana', 'Kaisa', 'Kled', 'Seraphine', 'Morgana', 'Twitch', 'Lillia', 'Jinx', 'FiddleSticks', 'Heimerdinger', 'Olaf', 'Shaco', 'Malphite', 'Mordekaiser', 'Camille', 'Lucian', 'Brand', 'Jax', 'Graves', 'Rumble', 'Poppy', 'Nidalee', 'Kalista', 'Nami', 'Singed', 'Ornn', 'Janna', 'Belveth', 'Rell', 'Aphelios', 'Draven', 'Milio', 'MonkeyKing', 'Fiora', 'Amumu', 'Yuumi', 'Vi', 'Leona', 'Sejuani', 'Shen', 'Kayn', 'Maokai', 'Nilah', 'DrMundo', 'Ashe', 'Bard', 'Thresh', 'Hecarim', 'Trundle', 'Quinn', 'KogMaw', 'Ivern', 'Rakan', 'Gangplank', 'Sivir', 'RekSai', 'Udyr', 'Khazix', 'Soraka', 'Gnar', 'Taric', 'Sona', 'JarvanIV']",0
red_champ4,Champion that red player (# to left) picked,Nominal,"['MissFortune', 'Tristana', 'Senna', 'Ashe', 'Viktor', 'Hwei', 'Kalista', 'Kaisa', 'Jhin', 'Jinx', 'Aphelios', 'Caitlyn', 'Zeri', 'Akshan', 'Xerath', 'Varus', 'Corki', 'Orianna', 'Lux', 'Zyra', 'Lucian', 'Mel', 'KogMaw', 'Smolder', 'Ezreal', 'Nami', 'Draven', 'Vayne', 'Ziggs', 'Twitch', 'Swain', 'Sivir', 'Khazix', 'Azir', 'Taliyah', 'Jayce', 'Akali', 'Cassiopeia', 'Zoe', 'Karthus', 'Velkoz', 'Veigar', 'Nilah', 'Vladimir', 'Xayah', 'Yasuo', 'Chogath', 'Aurora', 'Seraphine', 'Jax', 'Syndra', 'Riven', 'Zilean', 'Leona', 'Yone', 'Samira', 'Tryndamere', 'Brand', 'Anivia', 'AurelionSol', 'Lulu', 'Ambessa', 'Morgana', 'JarvanIV', 'Viego', 'Sylas', 'Braum', 'Gnar', 'Maokai', 'Urgot', 'Sona', 'Karma', 'Teemo', 'Janna', 'Nidalee', 'KSante', 'Poppy', 'TahmKench', 'Yorick', 'TwistedFate', 'Soraka', 'MasterYi', 'Ahri', 'Ornn', 'Qiyana', 'Singed', 'Malphite', 'Elise', 'Gangplank', 'Neeko', 'MonkeyKing', 'Irelia', 'Pantheon', 'Nunu', 'Zed', 'XinZhao', 'Leblanc', 'Katarina', 'Fizz', 'Nocturne', 'LeeSin', 'Thresh', 'Skarner', 'Talon', 'Sett', 'Lissandra', 'Rell', 'Heimerdinger', 'Kindred', 'Bard', 'Kassadin', 'Mordekaiser', 'Renekton', 'Olaf', 'Galio', 'Shen', 'Rakan', 'Vi', 'Briar', 'Graves', 'Malzahar', 'Diana', 'Garen', 'Aatrox']",0
red_champ5,Champion that red player (# to left) picked,Nominal,"['Rell', 'Lulu', 'Fiora', 'Sona', 'Nautilus', 'Bard', 'Renata', 'Poppy', 'Leona', 'Nami', 'Skarner', 'Janna', 'Zoe', 'Seraphine', 'Senna', 'Pantheon', 'Karma', 'Braum', 'Sion', 'Pyke', 'Neeko', 'Milio', 'Elise', 'Corki', 'Camille', 'Syndra', 'Lux', 'Maokai', 'Taric', 'Cassiopeia', 'Zilean', 'Soraka', 'Thresh', 'Brand', 'Rakan', 'Alistar', 'Ashe', 'Blitzcrank', 'Morgana', 'Vladimir', 'TahmKench', 'Xerath', 'Ambessa', 'Amumu', 'Yuumi', 'Renekton', 'Zyra', 'Nasus', 'Kayle', 'Velkoz', 'Nilah', 'Riven', 'LeeSin', 'Mel', 'Hwei', 'Aurora', 'Galio', 'Anivia', 'Heimerdinger', 'Vayne', 'Ekko', 'Shaco', 'Yasuo', 'Darius', 'Jax', 'JarvanIV', 'Sylas', 'Swain', 'Urgot', 'Taliyah', 'Zac', 'Jinx', 'Belveth', 'Ezreal', 'Malphite', 'TwistedFate', 'Kennen', 'Khazix', 'Ivern', 'XinZhao', 'Shen', 'MissFortune', 'Talon', 'KSante', 'Karthus', 'MasterYi', 'Mordekaiser', 'Singed', 'Vi', 'Kayn', 'KogMaw', 'Rumble', 'Ornn', 'Veigar', 'Irelia', 'Zed', 'Garen', 'Rengar', 'Twitch', 'Nidalee', 'Kled', 'Viego', 'Kaisa', 'Ahri', 'Gragas', 'Nunu', 'Orianna', 'Graves', 'FiddleSticks', 'Azir', 'Viktor', 'Aatrox', 'Qiyana', 'Smolder', 'Jhin', 'Teemo', 'Sejuani', 'Fizz', 'MonkeyKing', 'Diana', 'Annie', 'Caitlyn', 'Leblanc', 'Samira', 'Hecarim', 'Sett', 'Naafiri', 'Katarina', 'Volibear', 'Draven']",0
baron_first,If the players team kill the baron first,Nominal,"(False, True)",0
baron_kills,How many times the players team killed the baron,Ratio,"(0, 4)",0
dragon_first,If the players team kill the dragon first,Nominal,"(False, True)",0
dragon_kills,Number of dragons killed by player's team,Ratio,"(0, 6)",0
voidGrubs_first,If the players team kill the void grubs first,Nominal,"(False, True)",0
voidGrubs_kills,Number of void grubs killed by player's team,Ratio,"(0, 6)",0
riftHerald_first,If the players team kill the dragon first,Nominal,"(False, True)",0
riftHerald_kills,Number of rift heralds killed by player's team,Ratio,"(0, 1)",0
win,If the player won or lost the game,Nominal,"(False, True)",0
