Feature,Importance
turretsLost,0.4919465742629955
teamKills,0.24549804607744866
inhibitorsLost,0.13952659295881162
inhibitorTakedowns,0.05092310745824077
turretTakedowns,0.02175776090129856
dragon_kills,0.018697411121508807
baron_kills,0.0130520636979264
deaths,0.001635380695559791
perctTimeDead,0.0011670194446753387
itemsPurchased,0.0008458487210777787
atakhan_killed_true,0.0006107730061032237
cs,0.000528573863455946
atakhan_killed_False,0.00047559188841573235
champExperience,0.00046537430119852105
voidGrubs_kills,0.0004503705774961244
damageDealtToTurrets,0.0004435901607044809
totalHeal,0.00040636491431525696
totalDamageDealt,0.0003809902604817827
blue_champ1_Galio,0.0003723714556168318
red_champ3_TahmKench,0.0003428345583940615
goldSpent,0.0003211093781480243
timePlayed,0.0003152112930168806
timeCCingOthers,0.00028758881945833894
riftHerald_kills,0.00028459676143257625
blue_champ1_Nunu,0.00027616128053958194
damageSelfMitigated,0.00026062215119181836
item3_Aether Wisp,0.00025227206249568945
red_champ4_Tryndamere,0.00023721781447363571
OMWPing,0.00022942631650587372
gameDuration,0.0002276525984363671
blue_champ2_Nocturne,0.00022475794740064867
physicalDamageDealt,0.00021556733741622116
red_champ5_Vayne,0.00019189758974741527
magicDamageDealtToChampions,0.00018736869669763961
red_champ4_Chogath,0.00018092648976236593
blue_champ4_Nasus,0.00016389242149525676
blue_champ3_Orianna,0.00016300964081665238
totalDamageDealtToChampions,0.00015981034603601186
item2_Total Biscuit of Everlasting Will,0.00015733029402797218
blue_champ4_Teemo,0.00015689228055591162
red_champ3_Tryndamere,0.00013717528430223322
item0_Aegis of the Legion,0.00013699945395012676
item2_Health Potion,0.0001327204297016606
killingSprees,0.00013233166380667322
red_champ1_Aatrox,0.00012811841205494538
inhibitorKills,0.00012140685457666449
item4_Locket of the Iron Solari,0.0001188137315694455
red_champ3_Heimerdinger,0.00011794617111829928
blue_champ5_Kayle,0.0001129708881436195
blue_champ2_Teemo,0.00011238107309199665
physicalDamageTaken,0.00011184703185620851
trueDamageDealtToChampions,0.00010341114041519201
red_champ3_Shen,0.00010272911738108152
blue_champ4_Diana,0.00010174670964910035
trueDamageTaken,0.00010073948669376286
blue_champ4_Zyra,9.798921436112148e-05
damageDealtToObjectives,9.733649964575201e-05
red_champ4_Nilah,9.557470875269246e-05
red_champ4_MasterYi,9.513229002594183e-05
assists,9.394965247296805e-05
red_champ4_Jhin,9.146843908268499e-05
blue_champ2_Urgot,9.142060562249648e-05
blue_champ1_Zoe,8.832729591577837e-05
blue_champ1_Ambessa,8.633170733114122e-05
red_champ4_Taliyah,8.603734712355153e-05
item5_Blackfire Torch,8.386364192577208e-05
red_champ4_Gnar,8.361792573685506e-05
totalHealsOnTeammates,8.256146240399488e-05
item3_Statikk Shiv,8.192952896912898e-05
"item1_Jak'Sho, The Protean",7.973040127306423e-05
needVisionPings,7.96875549741975e-05
totalTimeSpentDead,7.964651982833809e-05
blue_champ1_AurelionSol,7.949121985865658e-05
item2_Mikael's Blessing,7.841106326521284e-05
red_champ5_Taliyah,7.617805382418314e-05
red_champ1_Garen,7.435593716611484e-05
red_champ3_Gragas,7.34240022468997e-05
longestTimeSpentLiving,7.160109976190777e-05
goldEarned,7.101760072216825e-05
item2_Shadowflame,6.822468904792423e-05
blue_champ2_Jhin,6.742864385519796e-05
red_champ2_Sylas,6.6937150835578e-05
red_champ2_Seraphine,6.288863873501641e-05
blue_champ5_Zeri,6.241043505049341e-05
item1_Guinsoo's Rageblade,6.231859886911776e-05
totalTimeCCDealt,6.188372714705434e-05
blue_champ1_Vladimir,5.94587929554736e-05
red_champ1_Malphite,5.572480648635277e-05
damageDealtToBuildings,5.474271916273012e-05
blue_champ5_Taliyah,5.4579178587562436e-05
secondary_perk_1_Deep Ward,5.185225598814305e-05
red_champ5_Renekton,5.145655132887134e-05
item0_Mosstomper Seedling,5.0163668860157216e-05
blue_champ3_Volibear,5.014330925011136e-05
totalDamageTaken,5.006844029228205e-05
blue_champ1_Chogath,4.9779638605464833e-05
blue_champ3_Elise,4.9569452184439326e-05
championName_Renata,4.833182600513768e-05
item2_Iceborn Gauntlet,4.810465321875329e-05
item5_Cryptbloom,4.799385162399812e-05
item2_Guardian Angel,4.4991451612183336e-05
item3_Long Sword,4.355555255396555e-05
primary_perk_3_Unflinching,4.342483572756628e-05
red_champ1_Nautilus,4.317581308541233e-05
blue_champ5_Viktor,4.309610005581573e-05
item2_Watchful Wardstone,4.2423304467086116e-05
primary_perk_3_Approach Velocity,4.0423526978711274e-05
item4_Heartsteel,3.830190635366006e-05
championName_Aatrox,3.765503660022448e-05
red_champ4_Renekton,3.7574832244073844e-05
item3_Death's Dance,3.7307442033583734e-05
secondary_perk_2_Taste of Blood,3.646421394141649e-05
item1_Lost Chapter,3.284975400050613e-05
item0_Health Potion,3.258338840135612e-05
blue_champ2_Zac,3.239842894502266e-05
item4_Experimental Hexplate,3.197095538689757e-05
item5_Banshee's Veil,3.1109288496944057e-05
item2_Morellonomicon,3.0776729421481784e-05
blue_champ1_Syndra,3.0652347893227014e-05
item5_Spectre's Cowl,3.0445459727968317e-05
wardsKilled,3.0397656878495557e-05
red_champ3_Sett,2.8406683277565674e-05
magicDamageTaken,2.6815267451989822e-05
red_champ5_Graves,2.647070217745498e-05
item1_Abyssal Mask,2.2315292636705018e-05
red_champ1_Mel,2.0134142229309484e-05
primary_perk_2_Time Warp Tonic,1.8465600375176396e-05
red_champ2_Nautilus,1.7849354933626264e-05
blue_champ4_Neeko,1.7844066378701625e-05
summoner2Id_Smite,1.4849643256295865e-05
secondary_perk_2_Cosmic Insight,1.4556635560300817e-05
gameEndTimestamp,1.1695250202751998e-05
trueDamageDealt,9.598236603171065e-06
primary_perk_3_Cut Down,8.369096387348673e-06
gameCreation,1.8498874203272569e-06
primary_style_Precision,1.6843838344811888e-06
blue_champ5_Braum,1.3867577138877098e-06
primary_perk_1_Shield Bash,8.3610427314085e-07
defense,6.859503581115468e-07
primary_keystone_Summon Aery,1.4294261312007845e-07
item3_Swiftmarch,3.1883439265366495e-08
primary_keystone_Lethal Tempo,7.261800934258579e-20
championName_Yuumi,6.224400800793068e-20
championName_AurelionSol,0.0
championName_Aurora,0.0
championName_Azir,0.0
championName_Bard,0.0
championName_Belveth,0.0
championName_Blitzcrank,0.0
championName_Brand,0.0
championName_Braum,0.0
championName_Briar,0.0
championName_Caitlyn,0.0
championName_Camille,0.0
championName_Cassiopeia,0.0
championName_Chogath,0.0
championName_Corki,0.0
championName_Darius,0.0
championName_Diana,0.0
championName_DrMundo,0.0
championName_Draven,0.0
championName_Ekko,0.0
championName_Elise,0.0
championName_Evelynn,0.0
championName_Ezreal,0.0
championName_FiddleSticks,0.0
championName_Fiora,0.0
championName_Fizz,0.0
championName_Galio,0.0
championName_Gangplank,0.0
championName_Garen,0.0
championName_Gnar,0.0
championName_Gragas,0.0
championName_Graves,0.0
championName_Gwen,0.0
championName_Hecarim,0.0
championName_Heimerdinger,0.0
championName_Hwei,0.0
championName_Irelia,0.0
championName_Ivern,0.0
championName_Janna,0.0
championName_JarvanIV,0.0
championName_Jax,0.0
championName_Jayce,0.0
championName_Jhin,0.0
championName_Jinx,0.0
championName_KSante,0.0
championName_Kaisa,0.0
championName_Kalista,0.0
championName_Karma,0.0
championName_Karthus,0.0
championName_Kassadin,0.0
championName_Katarina,0.0
championName_Kayle,0.0
championName_Kayn,0.0
championName_Kennen,0.0
championName_Khazix,0.0
championName_Kindred,0.0
championName_Kled,0.0
championName_KogMaw,0.0
championName_Leblanc,0.0
championName_LeeSin,0.0
championName_Leona,0.0
championName_Lillia,0.0
championName_Lissandra,0.0
championName_Lucian,0.0
championName_Lulu,0.0
championName_Lux,0.0
championName_Malphite,0.0
championName_Malzahar,0.0
championName_Maokai,0.0
championName_MasterYi,0.0
championName_Mel,0.0
championName_Milio,0.0
championName_MissFortune,0.0
championName_MonkeyKing,0.0
championName_Mordekaiser,0.0
championName_Morgana,0.0
championName_Naafiri,0.0
championName_Nami,0.0
championName_Nasus,0.0
championName_Nautilus,0.0
championName_Neeko,0.0
championName_Nidalee,0.0
championName_Nilah,0.0
championName_Nocturne,0.0
championName_Nunu,0.0
championName_Olaf,0.0
championName_Orianna,0.0
championName_Ornn,0.0
championName_Pantheon,0.0
championName_Poppy,0.0
championName_Pyke,0.0
championName_Qiyana,0.0
championName_Quinn,0.0
championName_Rakan,0.0
championName_Rammus,0.0
championName_RekSai,0.0
championName_Rell,0.0
championName_Renekton,0.0
championName_Rengar,0.0
championName_Riven,0.0
championName_Rumble,0.0
championName_Ryze,0.0
championName_Samira,0.0
championName_Sejuani,0.0
championName_Senna,0.0
championName_Seraphine,0.0
championName_Sett,0.0
championName_Shaco,0.0
championName_Shen,0.0
championName_Shyvana,0.0
championName_Singed,0.0
championName_Sion,0.0
championName_Sivir,0.0
championName_Skarner,0.0
championName_Smolder,0.0
championName_Sona,0.0
championName_Soraka,0.0
championName_Swain,0.0
championName_Sylas,0.0
championName_Syndra,0.0
championName_TahmKench,0.0
championName_Taliyah,0.0
championName_Talon,0.0
championName_Taric,0.0
championName_Teemo,0.0
championName_Thresh,0.0
championName_Tristana,0.0
championName_Tryndamere,0.0
championName_TwistedFate,0.0
championName_Twitch,0.0
championName_Udyr,0.0
championName_Urgot,0.0
championName_Varus,0.0
championName_Vayne,0.0
championName_Veigar,0.0
championName_Velkoz,0.0
championName_Vex,0.0
championName_Vi,0.0
championName_Viego,0.0
championName_Viktor,0.0
championName_Vladimir,0.0
championName_Volibear,0.0
championName_Warwick,0.0
championName_Xayah,0.0
championName_Xerath,0.0
championName_XinZhao,0.0
championName_Yasuo,0.0
championName_Yone,0.0
championName_Yorick,0.0
championName_Zac,0.0
championName_Zed,0.0
championName_Zeri,0.0
championName_Ziggs,0.0
championName_Zilean,0.0
championName_Zoe,0.0
championName_Zyra,0.0
primary_style_Domination,0.0
primary_style_Inspiration,0.0
primary_style_Resolve,0.0
primary_style_Sorcery,0.0
secondary_style_0,0.0
secondary_style_Domination,0.0
secondary_style_Inspiration,0.0
secondary_style_Precision,0.0
secondary_style_Resolve,0.0
secondary_style_Sorcery,0.0
primary_keystone_Aftershock,0.0
primary_keystone_Arcane Comet,0.0
primary_keystone_Conqueror,0.0
primary_keystone_Dark Harvest,0.0
primary_keystone_Electrocute,0.0
primary_keystone_First Strike,0.0
primary_keystone_Fleet Footwork,0.0
primary_keystone_Glacial Augment,0.0
primary_keystone_Grasp of the Undying,0.0
primary_keystone_Guardian,0.0
primary_keystone_Hail of Blades,0.0
primary_keystone_Phase Rush,0.0
primary_keystone_Press the Attack,0.0
primary_keystone_Unsealed Spellbook,0.0
primary_perk_1_Absorb Life,0.0
primary_perk_1_Axiom Arcanist,0.0
primary_perk_1_Cash Back,0.0
primary_perk_1_Cheap Shot,0.0
primary_perk_1_Demolish,0.0
primary_perk_1_Font of Life,0.0
primary_perk_1_Hextech Flashtraption,0.0
primary_perk_1_Magical Footwear,0.0
primary_perk_1_Manaflow Band,0.0
primary_perk_1_Nimbus Cloak,0.0
primary_perk_1_Presence of Mind,0.0
primary_perk_1_Sudden Impact,0.0
primary_perk_1_Taste of Blood,0.0
primary_perk_1_Triumph,0.0
primary_perk_2_Absolute Focus,0.0
primary_perk_2_Biscuit Delivery,0.0
primary_perk_2_Bone Plating,0.0
primary_perk_2_Celerity,0.0
primary_perk_2_Conditioning,0.0
primary_perk_2_Deep Ward,0.0
primary_perk_2_Grisly Mementos,0.0
primary_perk_2_Legend: Alacrity,0.0
primary_perk_2_Legend: Bloodline,0.0
primary_perk_2_Legend: Haste,0.0
primary_perk_2_Second Wind,0.0
primary_perk_2_Sixth Sense,0.0
primary_perk_2_Transcendence,0.0
primary_perk_2_Triple Tonic,0.0
primary_perk_3_Cosmic Insight,0.0
primary_perk_3_Coup de Grace,0.0
primary_perk_3_Gathering Storm,0.0
primary_perk_3_Jack Of All Trades,0.0
primary_perk_3_Last Stand,0.0
primary_perk_3_Overgrowth,0.0
primary_perk_3_Relentless Hunter,0.0
primary_perk_3_Revitalize,0.0
primary_perk_3_Scorch,0.0
primary_perk_3_Treasure Hunter,0.0
primary_perk_3_Ultimate Hunter,0.0
primary_perk_3_Waterwalking,0.0
secondary_perk_1_Absolute Focus,0.0
secondary_perk_1_Absorb Life,0.0
secondary_perk_1_Approach Velocity,0.0
secondary_perk_1_Axiom Arcanist,0.0
secondary_perk_1_Biscuit Delivery,0.0
secondary_perk_1_Bone Plating,0.0
secondary_perk_1_Cash Back,0.0
secondary_perk_1_Celerity,0.0
secondary_perk_1_Cheap Shot,0.0
secondary_perk_1_Conditioning,0.0
secondary_perk_1_Cosmic Insight,0.0
secondary_perk_1_Coup de Grace,0.0
secondary_perk_1_Cut Down,0.0
secondary_perk_1_Demolish,0.0
secondary_perk_1_Font of Life,0.0
secondary_perk_1_Gathering Storm,0.0
secondary_perk_1_Grisly Mementos,0.0
secondary_perk_1_Hextech Flashtraption,0.0
secondary_perk_1_Jack Of All Trades,0.0
secondary_perk_1_Last Stand,0.0
secondary_perk_1_Legend: Alacrity,0.0
secondary_perk_1_Legend: Bloodline,0.0
secondary_perk_1_Legend: Haste,0.0
secondary_perk_1_Magical Footwear,0.0
secondary_perk_1_Manaflow Band,0.0
secondary_perk_1_Nimbus Cloak,0.0
secondary_perk_1_Overgrowth,0.0
secondary_perk_1_Presence of Mind,0.0
secondary_perk_1_Relentless Hunter,0.0
secondary_perk_1_Revitalize,0.0
secondary_perk_1_Scorch,0.0
secondary_perk_1_Second Wind,0.0
secondary_perk_1_Shield Bash,0.0
secondary_perk_1_Sixth Sense,0.0
secondary_perk_1_Sudden Impact,0.0
secondary_perk_1_Taste of Blood,0.0
secondary_perk_1_Transcendence,0.0
secondary_perk_1_Treasure Hunter,0.0
secondary_perk_1_Triple Tonic,0.0
secondary_perk_1_Triumph,0.0
secondary_perk_1_Ultimate Hunter,0.0
secondary_perk_1_Unflinching,0.0
secondary_perk_1_Waterwalking,0.0
secondary_perk_2_Absolute Focus,0.0
secondary_perk_2_Absorb Life,0.0
secondary_perk_2_Approach Velocity,0.0
secondary_perk_2_Axiom Arcanist,0.0
secondary_perk_2_Biscuit Delivery,0.0
secondary_perk_2_Bone Plating,0.0
secondary_perk_2_Cash Back,0.0
secondary_perk_2_Celerity,0.0
secondary_perk_2_Cheap Shot,0.0
secondary_perk_2_Conditioning,0.0
secondary_perk_2_Coup de Grace,0.0
secondary_perk_2_Cut Down,0.0
secondary_perk_2_Deep Ward,0.0
secondary_perk_2_Demolish,0.0
secondary_perk_2_Font of Life,0.0
secondary_perk_2_Gathering Storm,0.0
secondary_perk_2_Grisly Mementos,0.0
secondary_perk_2_Hextech Flashtraption,0.0
secondary_perk_2_Jack Of All Trades,0.0
secondary_perk_2_Last Stand,0.0
secondary_perk_2_Legend: Alacrity,0.0
secondary_perk_2_Legend: Haste,0.0
secondary_perk_2_Magical Footwear,0.0
secondary_perk_2_Manaflow Band,0.0
secondary_perk_2_Nimbus Cloak,0.0
secondary_perk_2_Overgrowth,0.0
secondary_perk_2_Presence of Mind,0.0
secondary_perk_2_Relentless Hunter,0.0
secondary_perk_2_Revitalize,0.0
secondary_perk_2_Scorch,0.0
secondary_perk_2_Second Wind,0.0
secondary_perk_2_Shield Bash,0.0
secondary_perk_2_Sixth Sense,0.0
secondary_perk_2_Sudden Impact,0.0
secondary_perk_2_Transcendence,0.0
secondary_perk_2_Treasure Hunter,0.0
secondary_perk_2_Triple Tonic,0.0
secondary_perk_2_Triumph,0.0
secondary_perk_2_Ultimate Hunter,0.0
secondary_perk_2_Unflinching,0.0
secondary_perk_2_Waterwalking,0.0
summoner1Id_Barrier,0.0
summoner1Id_Cleanse,0.0
summoner1Id_Exhaust,0.0
summoner1Id_Flash,0.0
summoner1Id_Ghost,0.0
summoner1Id_Heal,0.0
summoner1Id_Ignite,0.0
summoner1Id_Smite,0.0
summoner1Id_Teleport,0.0
summoner2Id_Barrier,0.0
summoner2Id_Cleanse,0.0
summoner2Id_Exhaust,0.0
summoner2Id_Flash,0.0
summoner2Id_Ghost,0.0
summoner2Id_Heal,0.0
summoner2Id_Ignite,0.0
summoner2Id_Teleport,0.0
item0_0,0.0
item0_Abyssal Mask,0.0
item0_Aether Wisp,0.0
item0_Amplifying Tome,0.0
item0_Ardent Censer,0.0
item0_Armored Advance,0.0
item0_Axiom Arc,0.0
item0_B. F. Sword,0.0
item0_Bami's Cinder,0.0
item0_Bandleglass Mirror,0.0
item0_Banshee's Veil,0.0
item0_Berserker's Greaves,0.0
item0_Black Cleaver,0.0
item0_Blackfire Torch,0.0
item0_Blade of The Ruined King,0.0
item0_Blasting Wand,0.0
item0_Blighting Jewel,0.0
item0_Bloodletter's Curse,0.0
item0_Bloodsong,0.0
item0_Bloodthirster,0.0
item0_Boots,0.0
item0_Boots of Swiftness,0.0
item0_Bramble Vest,0.0
item0_Caulfield's Warhammer,0.0
item0_Celestial Opposition,0.0
item0_Chain Vest,0.0
item0_Chainlaced Crushers,0.0
item0_Chempunk Chainsword,0.0
item0_Cloak of Agility,0.0
item0_Cloth Armor,0.0
item0_Control Ward,0.0
item0_Cosmic Drive,0.0
item0_Crimson Lucidity,0.0
item0_Cryptbloom,0.0
item0_Cull,0.0
item0_Dagger,0.0
item0_Dark Seal,0.0
item0_Dawncore,0.0
item0_Dead Man's Plate,0.0
item0_Death's Dance,0.0
item0_Doran's Blade,0.0
item0_Doran's Ring,0.0
item0_Doran's Shield,0.0
item0_Dream Maker,0.0
item0_Echoes of Helia,0.0
item0_Eclipse,0.0
item0_Edge of Night,0.0
item0_Essence Reaver,0.0
item0_Executioner's Calling,0.0
item0_Experimental Hexplate,0.0
item0_Fated Ashes,0.0
item0_Fiendish Codex,0.0
item0_Fimbulwinter,0.0
item0_Forbidden Idol,0.0
item0_Force of Nature,0.0
item0_Frozen Heart,0.0
item0_Giant's Belt,0.0
item0_Glacial Buckler,0.0
item0_Glowing Mote,0.0
item0_Guardian Angel,0.0
item0_Guinsoo's Rageblade,0.0
item0_Gunmetal Greaves,0.0
item0_Gustwalker Hatchling,0.0
item0_Haunting Guise,0.0
item0_Hearthbound Axe,0.0
item0_Heartsteel,0.0
item0_Hexdrinker,0.0
item0_Hextech Alternator,0.0
item0_Hextech Rocketbelt,0.0
item0_Hollow Radiance,0.0
item0_Horizon Focus,0.0
item0_Hubris,0.0
item0_Hullbreaker,0.0
item0_Iceborn Gauntlet,0.0
item0_Immortal Shieldbow,0.0
item0_Imperial Mandate,0.0
item0_Infinity Edge,0.0
item0_Ionian Boots of Lucidity,0.0
"item0_Jak'Sho, The Protean",0.0
item0_Kaenic Rookern,0.0
item0_Kindlegem,0.0
item0_Knight's Vow,0.0
item0_Kraken Slayer,0.0
item0_Last Whisper,0.0
item0_Liandry's Torment,0.0
item0_Lich Bane,0.0
item0_Locket of the Iron Solari,0.0
item0_Long Sword,0.0
item0_Lord Dominik's Regards,0.0
item0_Lost Chapter,0.0
item0_Luden's Companion,0.0
item0_Malignance,0.0
item0_Manamune,0.0
item0_Maw of Malmortius,0.0
item0_Mejai's Soulstealer,0.0
item0_Mercurial Scimitar,0.0
item0_Mercury's Treads,0.0
item0_Mikael's Blessing,0.0
item0_Moonstone Renewer,0.0
item0_Morellonomicon,0.0
item0_Mortal Reminder,0.0
item0_Muramana,0.0
item0_Nashor's Tooth,0.0
item0_Navori Flickerblade,0.0
item0_Needlessly Large Rod,0.0
item0_Negatron Cloak,0.0
item0_Noonquiver,0.0
item0_Null-Magic Mantle,0.0
item0_Oblivion Orb,0.0
item0_Opportunity,0.0
item0_Overlord's Bloodmail,0.0
item0_Phage,0.0
item0_Phantom Dancer,0.0
item0_Pickaxe,0.0
item0_Plated Steelcaps,0.0
item0_Profane Hydra,0.0
item0_Quicksilver Sash,0.0
item0_Rabadon's Deathcap,0.0
item0_Randuin's Omen,0.0
item0_Rapid Firecannon,0.0
item0_Ravenous Hydra,0.0
item0_Recurve Bow,0.0
item0_Redemption,0.0
item0_Refillable Potion,0.0
item0_Riftmaker,0.0
item0_Rod of Ages,0.0
item0_Ruby Crystal,0.0
item0_Runaan's Hurricane,0.0
item0_Runic Compass,0.0
item0_Rylai's Crystal Scepter,0.0
item0_Sapphire Crystal,0.0
item0_Scorchclaw Pup,0.0
item0_Scout's Slingshot,0.0
item0_Seeker's Armguard,0.0
item0_Seraph's Embrace,0.0
item0_Serpent's Fang,0.0
item0_Serrated Dirk,0.0
item0_Serylda's Grudge,0.0
item0_Shadowflame,0.0
item0_Shattered Armguard,0.0
item0_Sheen,0.0
item0_Shurelya's Battlesong,0.0
item0_Slightly Magical Footwear,0.0
item0_Solstice Sleigh,0.0
item0_Sorcerer's Shoes,0.0
item0_Spear of Shojin,0.0
item0_Spectre's Cowl,0.0
item0_Spellslinger's Shoes,0.0
item0_Spirit Visage,0.0
item0_Staff of Flowing Water,0.0
item0_Statikk Shiv,0.0
item0_Steel Sigil,0.0
item0_Sterak's Gage,0.0
item0_Stormsurge,0.0
item0_Stridebreaker,0.0
item0_Sundered Sky,0.0
item0_Sunfire Aegis,0.0
item0_Swiftmarch,0.0
item0_Symbiotic Soles,0.0
item0_Synchronized Souls,0.0
item0_Tear of the Goddess,0.0
item0_Terminus,0.0
item0_The Brutalizer,0.0
item0_The Collector,0.0
item0_Thornmail,0.0
item0_Tiamat,0.0
item0_Titanic Hydra,0.0
item0_Trailblazer,0.0
item0_Trinity Force,0.0
item0_Tunneler,0.0
item0_Umbral Glaive,0.0
item0_Unending Despair,0.0
item0_Vampiric Scepter,0.0
item0_Verdant Barrier,0.0
item0_Void Staff,0.0
item0_Voltaic Cyclosword,0.0
item0_Warden's Mail,0.0
item0_Warmog's Armor,0.0
item0_Winged Moonplate,0.0
item0_Winter's Approach,0.0
item0_Wit's End,0.0
item0_World Atlas,0.0
item0_Youmuu's Ghostblade,0.0
item0_Your Cut,0.0
item0_Yun Tal Wildarrows,0.0
item0_Zaz'Zak's Realmspike,0.0
item0_Zeal,0.0
item0_Zeke's Convergence,0.0
item0_Zhonya's Hourglass,0.0
item1_0,0.0
item1_Aegis of the Legion,0.0
item1_Aether Wisp,0.0
item1_Amplifying Tome,0.0
item1_Archangel's Staff,0.0
item1_Ardent Censer,0.0
item1_Armored Advance,0.0
item1_Axiom Arc,0.0
item1_B. F. Sword,0.0
item1_Bami's Cinder,0.0
item1_Bandleglass Mirror,0.0
item1_Banshee's Veil,0.0
item1_Berserker's Greaves,0.0
item1_Black Cleaver,0.0
item1_Blackfire Torch,0.0
item1_Blade of The Ruined King,0.0
item1_Blasting Wand,0.0
item1_Blighting Jewel,0.0
item1_Bloodletter's Curse,0.0
item1_Bloodsong,0.0
item1_Bloodthirster,0.0
item1_Boots,0.0
item1_Boots of Swiftness,0.0
item1_Bramble Vest,0.0
item1_Caulfield's Warhammer,0.0
item1_Celestial Opposition,0.0
item1_Chain Vest,0.0
item1_Chainlaced Crushers,0.0
item1_Chempunk Chainsword,0.0
item1_Cloak of Agility,0.0
item1_Cloth Armor,0.0
item1_Control Ward,0.0
item1_Cosmic Drive,0.0
item1_Crimson Lucidity,0.0
item1_Cryptbloom,0.0
item1_Crystalline Bracer,0.0
item1_Cull,0.0
item1_Dagger,0.0
item1_Dark Seal,0.0
item1_Dawncore,0.0
item1_Dead Man's Plate,0.0
item1_Death's Dance,0.0
item1_Doran's Blade,0.0
item1_Doran's Ring,0.0
item1_Doran's Shield,0.0
item1_Dream Maker,0.0
item1_Echoes of Helia,0.0
item1_Eclipse,0.0
item1_Edge of Night,0.0
item1_Essence Reaver,0.0
item1_Executioner's Calling,0.0
item1_Experimental Hexplate,0.0
item1_Fated Ashes,0.0
item1_Fiendish Codex,0.0
item1_Fimbulwinter,0.0
item1_Forbidden Idol,0.0
item1_Force of Nature,0.0
item1_Forever Forward,0.0
item1_Frozen Heart,0.0
item1_Giant's Belt,0.0
item1_Glacial Buckler,0.0
item1_Glowing Mote,0.0
item1_Guardian Angel,0.0
item1_Gunmetal Greaves,0.0
item1_Gustwalker Hatchling,0.0
item1_Haunting Guise,0.0
item1_Health Potion,0.0
item1_Hearthbound Axe,0.0
item1_Heartsteel,0.0
item1_Hexdrinker,0.0
item1_Hextech Alternator,0.0
item1_Hextech Rocketbelt,0.0
item1_Hollow Radiance,0.0
item1_Horizon Focus,0.0
item1_Hubris,0.0
item1_Hullbreaker,0.0
item1_Iceborn Gauntlet,0.0
item1_Immortal Shieldbow,0.0
item1_Imperial Mandate,0.0
item1_Infinity Edge,0.0
item1_Ionian Boots of Lucidity,0.0
item1_Kaenic Rookern,0.0
item1_Kindlegem,0.0
item1_Knight's Vow,0.0
item1_Kraken Slayer,0.0
item1_Last Whisper,0.0
item1_Liandry's Torment,0.0
item1_Lich Bane,0.0
item1_Locket of the Iron Solari,0.0
item1_Long Sword,0.0
item1_Lord Dominik's Regards,0.0
item1_Luden's Companion,0.0
item1_Malignance,0.0
item1_Manamune,0.0
item1_Maw of Malmortius,0.0
item1_Mejai's Soulstealer,0.0
item1_Mercurial Scimitar,0.0
item1_Mercury's Treads,0.0
item1_Mikael's Blessing,0.0
item1_Moonstone Renewer,0.0
item1_Morellonomicon,0.0
item1_Mortal Reminder,0.0
item1_Mosstomper Seedling,0.0
item1_Muramana,0.0
item1_Nashor's Tooth,0.0
item1_Navori Flickerblade,0.0
item1_Needlessly Large Rod,0.0
item1_Negatron Cloak,0.0
item1_Noonquiver,0.0
item1_Null-Magic Mantle,0.0
item1_Oblivion Orb,0.0
item1_Opportunity,0.0
item1_Phage,0.0
item1_Phantom Dancer,0.0
item1_Pickaxe,0.0
item1_Plated Steelcaps,0.0
item1_Profane Hydra,0.0
item1_Quicksilver Sash,0.0
item1_Rabadon's Deathcap,0.0
item1_Randuin's Omen,0.0
item1_Rapid Firecannon,0.0
item1_Ravenous Hydra,0.0
item1_Rectrix,0.0
item1_Recurve Bow,0.0
item1_Redemption,0.0
item1_Refillable Potion,0.0
item1_Riftmaker,0.0
item1_Rod of Ages,0.0
item1_Ruby Crystal,0.0
item1_Runaan's Hurricane,0.0
item1_Runic Compass,0.0
item1_Rylai's Crystal Scepter,0.0
item1_Sapphire Crystal,0.0
item1_Scorchclaw Pup,0.0
item1_Scout's Slingshot,0.0
item1_Seeker's Armguard,0.0
item1_Seraph's Embrace,0.0
item1_Serpent's Fang,0.0
item1_Serrated Dirk,0.0
item1_Serylda's Grudge,0.0
item1_Shadowflame,0.0
item1_Shattered Armguard,0.0
item1_Sheen,0.0
item1_Shurelya's Battlesong,0.0
item1_Slightly Magical Footwear,0.0
item1_Solstice Sleigh,0.0
item1_Sorcerer's Shoes,0.0
item1_Spear of Shojin,0.0
item1_Spectre's Cowl,0.0
item1_Spellslinger's Shoes,0.0
item1_Spirit Visage,0.0
item1_Staff of Flowing Water,0.0
item1_Statikk Shiv,0.0
item1_Steel Sigil,0.0
item1_Sterak's Gage,0.0
item1_Stormsurge,0.0
item1_Stridebreaker,0.0
item1_Sundered Sky,0.0
item1_Sunfire Aegis,0.0
item1_Swiftmarch,0.0
item1_Symbiotic Soles,0.0
item1_Synchronized Souls,0.0
item1_Tear of the Goddess,0.0
item1_Terminus,0.0
item1_The Brutalizer,0.0
item1_The Collector,0.0
item1_Thornmail,0.0
item1_Tiamat,0.0
item1_Titanic Hydra,0.0
item1_Total Biscuit of Everlasting Will,0.0
item1_Trailblazer,0.0
item1_Trinity Force,0.0
item1_Tunneler,0.0
item1_Umbral Glaive,0.0
item1_Unending Despair,0.0
item1_Vampiric Scepter,0.0
item1_Verdant Barrier,0.0
item1_Vigilant Wardstone,0.0
item1_Void Staff,0.0
item1_Voltaic Cyclosword,0.0
item1_Warden's Mail,0.0
item1_Watchful Wardstone,0.0
item1_Winged Moonplate,0.0
item1_Winter's Approach,0.0
item1_Wit's End,0.0
item1_World Atlas,0.0
item1_Youmuu's Ghostblade,0.0
item1_Yun Tal Wildarrows,0.0
item1_Zaz'Zak's Realmspike,0.0
item1_Zeal,0.0
item1_Zeke's Convergence,0.0
item1_Zhonya's Hourglass,0.0
item2_0,0.0
item2_Abyssal Mask,0.0
item2_Aegis of the Legion,0.0
item2_Aether Wisp,0.0
item2_Amplifying Tome,0.0
item2_Archangel's Staff,0.0
item2_Ardent Censer,0.0
item2_Armored Advance,0.0
item2_Axiom Arc,0.0
item2_B. F. Sword,0.0
item2_Bami's Cinder,0.0
item2_Bandleglass Mirror,0.0
item2_Banshee's Veil,0.0
item2_Berserker's Greaves,0.0
item2_Black Cleaver,0.0
item2_Blackfire Torch,0.0
item2_Blade of The Ruined King,0.0
item2_Blasting Wand,0.0
item2_Blighting Jewel,0.0
item2_Bloodletter's Curse,0.0
item2_Bloodsong,0.0
item2_Bloodthirster,0.0
item2_Boots,0.0
item2_Boots of Swiftness,0.0
item2_Bramble Vest,0.0
item2_Catalyst of Aeons,0.0
item2_Caulfield's Warhammer,0.0
item2_Celestial Opposition,0.0
item2_Chain Vest,0.0
item2_Chainlaced Crushers,0.0
item2_Chempunk Chainsword,0.0
item2_Cloak of Agility,0.0
item2_Cloth Armor,0.0
item2_Control Ward,0.0
item2_Cosmic Drive,0.0
item2_Crimson Lucidity,0.0
item2_Cryptbloom,0.0
item2_Crystalline Bracer,0.0
item2_Cull,0.0
item2_Dagger,0.0
item2_Dark Seal,0.0
item2_Dawncore,0.0
item2_Dead Man's Plate,0.0
item2_Death's Dance,0.0
item2_Doran's Blade,0.0
item2_Doran's Ring,0.0
item2_Doran's Shield,0.0
item2_Dream Maker,0.0
item2_Echoes of Helia,0.0
item2_Eclipse,0.0
item2_Edge of Night,0.0
item2_Elixir of Force,0.0
item2_Essence Reaver,0.0
item2_Executioner's Calling,0.0
item2_Experimental Hexplate,0.0
item2_Faerie Charm,0.0
item2_Fated Ashes,0.0
item2_Fiendish Codex,0.0
item2_Fimbulwinter,0.0
item2_Forbidden Idol,0.0
item2_Force of Nature,0.0
item2_Forever Forward,0.0
item2_Frozen Heart,0.0
item2_Giant's Belt,0.0
item2_Glacial Buckler,0.0
item2_Glowing Mote,0.0
item2_Guinsoo's Rageblade,0.0
item2_Gunmetal Greaves,0.0
item2_Gustwalker Hatchling,0.0
item2_Haunting Guise,0.0
item2_Hearthbound Axe,0.0
item2_Heartsteel,0.0
item2_Hexdrinker,0.0
item2_Hextech Alternator,0.0
item2_Hextech Rocketbelt,0.0
item2_Hollow Radiance,0.0
item2_Horizon Focus,0.0
item2_Hubris,0.0
item2_Hullbreaker,0.0
item2_Immortal Shieldbow,0.0
item2_Imperial Mandate,0.0
item2_Infinity Edge,0.0
item2_Ionian Boots of Lucidity,0.0
"item2_Jak'Sho, The Protean",0.0
item2_Kaenic Rookern,0.0
item2_Kindlegem,0.0
item2_Knight's Vow,0.0
item2_Kraken Slayer,0.0
item2_Last Whisper,0.0
item2_Liandry's Torment,0.0
item2_Lich Bane,0.0
item2_Locket of the Iron Solari,0.0
item2_Long Sword,0.0
item2_Lord Dominik's Regards,0.0
item2_Lost Chapter,0.0
item2_Luden's Companion,0.0
item2_Malignance,0.0
item2_Manamune,0.0
item2_Maw of Malmortius,0.0
item2_Mejai's Soulstealer,0.0
item2_Mercurial Scimitar,0.0
item2_Mercury's Treads,0.0
item2_Moonstone Renewer,0.0
item2_Mortal Reminder,0.0
item2_Muramana,0.0
item2_Nashor's Tooth,0.0
item2_Navori Flickerblade,0.0
item2_Needlessly Large Rod,0.0
item2_Negatron Cloak,0.0
item2_Noonquiver,0.0
item2_Null-Magic Mantle,0.0
item2_Oblivion Orb,0.0
item2_Opportunity,0.0
item2_Phage,0.0
item2_Phantom Dancer,0.0
item2_Pickaxe,0.0
item2_Plated Steelcaps,0.0
item2_Profane Hydra,0.0
item2_Quicksilver Sash,0.0
item2_Rabadon's Deathcap,0.0
item2_Randuin's Omen,0.0
item2_Rapid Firecannon,0.0
item2_Ravenous Hydra,0.0
item2_Rectrix,0.0
item2_Recurve Bow,0.0
item2_Redemption,0.0
item2_Refillable Potion,0.0
item2_Rejuvenation Bead,0.0
item2_Riftmaker,0.0
item2_Rod of Ages,0.0
item2_Ruby Crystal,0.0
item2_Runaan's Hurricane,0.0
item2_Runic Compass,0.0
item2_Rylai's Crystal Scepter,0.0
item2_Sapphire Crystal,0.0
item2_Scorchclaw Pup,0.0
item2_Scout's Slingshot,0.0
item2_Seeker's Armguard,0.0
item2_Seraph's Embrace,0.0
item2_Serpent's Fang,0.0
item2_Serrated Dirk,0.0
item2_Serylda's Grudge,0.0
item2_Shattered Armguard,0.0
item2_Sheen,0.0
item2_Shurelya's Battlesong,0.0
item2_Slightly Magical Footwear,0.0
item2_Solstice Sleigh,0.0
item2_Sorcerer's Shoes,0.0
item2_Spear of Shojin,0.0
item2_Spectre's Cowl,0.0
item2_Spellslinger's Shoes,0.0
item2_Spirit Visage,0.0
item2_Staff of Flowing Water,0.0
item2_Statikk Shiv,0.0
item2_Steel Sigil,0.0
item2_Sterak's Gage,0.0
item2_Stormsurge,0.0
item2_Stridebreaker,0.0
item2_Sundered Sky,0.0
item2_Sunfire Aegis,0.0
item2_Swiftmarch,0.0
item2_Symbiotic Soles,0.0
item2_Synchronized Souls,0.0
item2_Tear of the Goddess,0.0
item2_Terminus,0.0
item2_The Brutalizer,0.0
item2_The Collector,0.0
item2_Thornmail,0.0
item2_Tiamat,0.0
item2_Titanic Hydra,0.0
item2_Trailblazer,0.0
item2_Trinity Force,0.0
item2_Tunneler,0.0
item2_Umbral Glaive,0.0
item2_Unending Despair,0.0
item2_Vampiric Scepter,0.0
item2_Verdant Barrier,0.0
item2_Vigilant Wardstone,0.0
item2_Void Staff,0.0
item2_Voltaic Cyclosword,0.0
item2_Warden's Mail,0.0
item2_Warmog's Armor,0.0
item2_Winged Moonplate,0.0
item2_Winter's Approach,0.0
item2_Wit's End,0.0
item2_Youmuu's Ghostblade,0.0
item2_Yun Tal Wildarrows,0.0
item2_Zaz'Zak's Realmspike,0.0
item2_Zeal,0.0
item2_Zeke's Convergence,0.0
item2_Zhonya's Hourglass,0.0
item3_0,0.0
item3_Abyssal Mask,0.0
item3_Aegis of the Legion,0.0
item3_Amplifying Tome,0.0
item3_Archangel's Staff,0.0
item3_Ardent Censer,0.0
item3_Armored Advance,0.0
item3_Axiom Arc,0.0
item3_B. F. Sword,0.0
item3_Bami's Cinder,0.0
item3_Bandleglass Mirror,0.0
item3_Banshee's Veil,0.0
item3_Berserker's Greaves,0.0
item3_Black Cleaver,0.0
item3_Blackfire Torch,0.0
item3_Blade of The Ruined King,0.0
item3_Blasting Wand,0.0
item3_Blighting Jewel,0.0
item3_Bloodletter's Curse,0.0
item3_Bloodsong,0.0
item3_Bloodthirster,0.0
item3_Boots,0.0
item3_Boots of Swiftness,0.0
item3_Bramble Vest,0.0
item3_Caulfield's Warhammer,0.0
item3_Celestial Opposition,0.0
item3_Chain Vest,0.0
item3_Chainlaced Crushers,0.0
item3_Chempunk Chainsword,0.0
item3_Cloak of Agility,0.0
item3_Cloth Armor,0.0
item3_Control Ward,0.0
item3_Cosmic Drive,0.0
item3_Crimson Lucidity,0.0
item3_Cryptbloom,0.0
item3_Cull,0.0
item3_Dagger,0.0
item3_Dark Seal,0.0
item3_Dawncore,0.0
item3_Dead Man's Plate,0.0
item3_Doran's Blade,0.0
item3_Doran's Ring,0.0
item3_Doran's Shield,0.0
item3_Dream Maker,0.0
item3_Echoes of Helia,0.0
item3_Eclipse,0.0
item3_Edge of Night,0.0
item3_Essence Reaver,0.0
item3_Executioner's Calling,0.0
item3_Experimental Hexplate,0.0
item3_Faerie Charm,0.0
item3_Fated Ashes,0.0
item3_Fiendish Codex,0.0
item3_Fimbulwinter,0.0
item3_Forbidden Idol,0.0
item3_Force of Nature,0.0
item3_Forever Forward,0.0
item3_Frozen Heart,0.0
item3_Giant's Belt,0.0
item3_Glacial Buckler,0.0
item3_Glowing Mote,0.0
item3_Guardian Angel,0.0
item3_Guinsoo's Rageblade,0.0
item3_Gunmetal Greaves,0.0
item3_Gustwalker Hatchling,0.0
item3_Haunting Guise,0.0
item3_Health Potion,0.0
item3_Hearthbound Axe,0.0
item3_Heartsteel,0.0
item3_Hexdrinker,0.0
item3_Hextech Alternator,0.0
item3_Hollow Radiance,0.0
item3_Horizon Focus,0.0
item3_Hubris,0.0
item3_Hullbreaker,0.0
item3_Iceborn Gauntlet,0.0
item3_Immortal Shieldbow,0.0
item3_Imperial Mandate,0.0
item3_Infinity Edge,0.0
item3_Ionian Boots of Lucidity,0.0
"item3_Jak'Sho, The Protean",0.0
item3_Kaenic Rookern,0.0
item3_Kindlegem,0.0
item3_Knight's Vow,0.0
item3_Kraken Slayer,0.0
item3_Last Whisper,0.0
item3_Liandry's Torment,0.0
item3_Lich Bane,0.0
item3_Locket of the Iron Solari,0.0
item3_Lord Dominik's Regards,0.0
item3_Lost Chapter,0.0
item3_Luden's Companion,0.0
item3_Malignance,0.0
item3_Manamune,0.0
item3_Maw of Malmortius,0.0
item3_Mejai's Soulstealer,0.0
item3_Mercurial Scimitar,0.0
item3_Mercury's Treads,0.0
item3_Mikael's Blessing,0.0
item3_Moonstone Renewer,0.0
item3_Morellonomicon,0.0
item3_Mortal Reminder,0.0
item3_Muramana,0.0
item3_Nashor's Tooth,0.0
item3_Navori Flickerblade,0.0
item3_Needlessly Large Rod,0.0
item3_Negatron Cloak,0.0
item3_Noonquiver,0.0
item3_Null-Magic Mantle,0.0
item3_Oblivion Orb,0.0
item3_Opportunity,0.0
item3_Overlord's Bloodmail,0.0
item3_Phage,0.0
item3_Phantom Dancer,0.0
item3_Pickaxe,0.0
item3_Plated Steelcaps,0.0
item3_Quicksilver Sash,0.0
item3_Rabadon's Deathcap,0.0
item3_Randuin's Omen,0.0
item3_Rapid Firecannon,0.0
item3_Rectrix,0.0
item3_Recurve Bow,0.0
item3_Redemption,0.0
item3_Refillable Potion,0.0
item3_Riftmaker,0.0
item3_Rod of Ages,0.0
item3_Ruby Crystal,0.0
item3_Runaan's Hurricane,0.0
item3_Rylai's Crystal Scepter,0.0
item3_Sapphire Crystal,0.0
item3_Scorchclaw Pup,0.0
item3_Scout's Slingshot,0.0
item3_Seeker's Armguard,0.0
item3_Seraph's Embrace,0.0
item3_Serpent's Fang,0.0
item3_Serrated Dirk,0.0
item3_Serylda's Grudge,0.0
item3_Shadowflame,0.0
item3_Shattered Armguard,0.0
item3_Sheen,0.0
item3_Shurelya's Battlesong,0.0
item3_Slightly Magical Footwear,0.0
item3_Solstice Sleigh,0.0
item3_Sorcerer's Shoes,0.0
item3_Spear of Shojin,0.0
item3_Spectre's Cowl,0.0
item3_Spellslinger's Shoes,0.0
item3_Spirit Visage,0.0
item3_Staff of Flowing Water,0.0
item3_Steel Sigil,0.0
item3_Sterak's Gage,0.0
item3_Stormsurge,0.0
item3_Sundered Sky,0.0
item3_Sunfire Aegis,0.0
item3_Symbiotic Soles,0.0
item3_Synchronized Souls,0.0
item3_Tear of the Goddess,0.0
item3_Terminus,0.0
item3_The Brutalizer,0.0
item3_The Collector,0.0
item3_Thornmail,0.0
item3_Tiamat,0.0
item3_Total Biscuit of Everlasting Will,0.0
item3_Trailblazer,0.0
item3_Trinity Force,0.0
item3_Tunneler,0.0
item3_Umbral Glaive,0.0
item3_Unending Despair,0.0
item3_Vampiric Scepter,0.0
item3_Verdant Barrier,0.0
item3_Void Staff,0.0
item3_Voltaic Cyclosword,0.0
item3_Warden's Mail,0.0
item3_Warmog's Armor,0.0
item3_Watchful Wardstone,0.0
item3_Winged Moonplate,0.0
item3_Wit's End,0.0
item3_World Atlas,0.0
item3_Youmuu's Ghostblade,0.0
item3_Yun Tal Wildarrows,0.0
item3_Zaz'Zak's Realmspike,0.0
item3_Zeal,0.0
item3_Zeke's Convergence,0.0
item3_Zhonya's Hourglass,0.0
item4_0,0.0
item4_Abyssal Mask,0.0
item4_Aegis of the Legion,0.0
item4_Aether Wisp,0.0
item4_Amplifying Tome,0.0
item4_Archangel's Staff,0.0
item4_Ardent Censer,0.0
item4_Armored Advance,0.0
item4_Axiom Arc,0.0
item4_B. F. Sword,0.0
item4_Bami's Cinder,0.0
item4_Bandleglass Mirror,0.0
item4_Banshee's Veil,0.0
item4_Berserker's Greaves,0.0
item4_Black Cleaver,0.0
item4_Blackfire Torch,0.0
item4_Blade of The Ruined King,0.0
item4_Blasting Wand,0.0
item4_Blighting Jewel,0.0
item4_Bloodletter's Curse,0.0
item4_Bloodsong,0.0
item4_Bloodthirster,0.0
item4_Boots,0.0
item4_Boots of Swiftness,0.0
item4_Bramble Vest,0.0
item4_Catalyst of Aeons,0.0
item4_Caulfield's Warhammer,0.0
item4_Chain Vest,0.0
item4_Chainlaced Crushers,0.0
item4_Chempunk Chainsword,0.0
item4_Cloak of Agility,0.0
item4_Cloth Armor,0.0
item4_Control Ward,0.0
item4_Cosmic Drive,0.0
item4_Crimson Lucidity,0.0
item4_Cryptbloom,0.0
item4_Crystalline Bracer,0.0
item4_Cull,0.0
item4_Dagger,0.0
item4_Dark Seal,0.0
item4_Dawncore,0.0
item4_Dead Man's Plate,0.0
item4_Death's Dance,0.0
item4_Doran's Blade,0.0
item4_Doran's Ring,0.0
item4_Doran's Shield,0.0
item4_Dream Maker,0.0
item4_Echoes of Helia,0.0
item4_Eclipse,0.0
item4_Edge of Night,0.0
item4_Elixir of Sorcery,0.0
item4_Essence Reaver,0.0
item4_Executioner's Calling,0.0
item4_Faerie Charm,0.0
item4_Fated Ashes,0.0
item4_Fiendish Codex,0.0
item4_Fimbulwinter,0.0
item4_Forbidden Idol,0.0
item4_Force of Nature,0.0
item4_Forever Forward,0.0
item4_Frozen Heart,0.0
item4_Giant's Belt,0.0
item4_Glacial Buckler,0.0
item4_Glowing Mote,0.0
item4_Guardian Angel,0.0
item4_Guinsoo's Rageblade,0.0
item4_Gunmetal Greaves,0.0
item4_Gustwalker Hatchling,0.0
item4_Haunting Guise,0.0
item4_Health Potion,0.0
item4_Hearthbound Axe,0.0
item4_Hexdrinker,0.0
item4_Hextech Alternator,0.0
item4_Hollow Radiance,0.0
item4_Horizon Focus,0.0
item4_Hubris,0.0
item4_Hullbreaker,0.0
item4_Iceborn Gauntlet,0.0
item4_Immortal Shieldbow,0.0
item4_Imperial Mandate,0.0
item4_Infinity Edge,0.0
item4_Ionian Boots of Lucidity,0.0
"item4_Jak'Sho, The Protean",0.0
item4_Kaenic Rookern,0.0
item4_Kindlegem,0.0
item4_Knight's Vow,0.0
item4_Kraken Slayer,0.0
item4_Last Whisper,0.0
item4_Liandry's Torment,0.0
item4_Lich Bane,0.0
item4_Long Sword,0.0
item4_Lord Dominik's Regards,0.0
item4_Lost Chapter,0.0
item4_Luden's Companion,0.0
item4_Malignance,0.0
item4_Manamune,0.0
item4_Maw of Malmortius,0.0
item4_Mejai's Soulstealer,0.0
item4_Mercury's Treads,0.0
item4_Mikael's Blessing,0.0
item4_Moonstone Renewer,0.0
item4_Morellonomicon,0.0
item4_Mortal Reminder,0.0
item4_Mosstomper Seedling,0.0
item4_Muramana,0.0
item4_Nashor's Tooth,0.0
item4_Navori Flickerblade,0.0
item4_Needlessly Large Rod,0.0
item4_Negatron Cloak,0.0
item4_Noonquiver,0.0
item4_Null-Magic Mantle,0.0
item4_Oblivion Orb,0.0
item4_Opportunity,0.0
item4_Overlord's Bloodmail,0.0
item4_Phage,0.0
item4_Phantom Dancer,0.0
item4_Pickaxe,0.0
item4_Plated Steelcaps,0.0
item4_Quicksilver Sash,0.0
item4_Rabadon's Deathcap,0.0
item4_Randuin's Omen,0.0
item4_Rapid Firecannon,0.0
item4_Ravenous Hydra,0.0
item4_Recurve Bow,0.0
item4_Redemption,0.0
item4_Refillable Potion,0.0
item4_Rejuvenation Bead,0.0
item4_Riftmaker,0.0
item4_Rod of Ages,0.0
item4_Ruby Crystal,0.0
item4_Runaan's Hurricane,0.0
item4_Rylai's Crystal Scepter,0.0
item4_Sapphire Crystal,0.0
item4_Scout's Slingshot,0.0
item4_Seeker's Armguard,0.0
item4_Seraph's Embrace,0.0
item4_Serpent's Fang,0.0
item4_Serrated Dirk,0.0
item4_Serylda's Grudge,0.0
item4_Shadowflame,0.0
item4_Shattered Armguard,0.0
item4_Sheen,0.0
item4_Shurelya's Battlesong,0.0
item4_Slightly Magical Footwear,0.0
item4_Sorcerer's Shoes,0.0
item4_Spear of Shojin,0.0
item4_Spectre's Cowl,0.0
item4_Spellslinger's Shoes,0.0
item4_Spirit Visage,0.0
item4_Staff of Flowing Water,0.0
item4_Statikk Shiv,0.0
item4_Steel Sigil,0.0
item4_Sterak's Gage,0.0
item4_Stormsurge,0.0
item4_Stridebreaker,0.0
item4_Sundered Sky,0.0
item4_Sunfire Aegis,0.0
item4_Swiftmarch,0.0
item4_Symbiotic Soles,0.0
item4_Synchronized Souls,0.0
item4_Tear of the Goddess,0.0
item4_Terminus,0.0
item4_The Brutalizer,0.0
item4_The Collector,0.0
item4_Thornmail,0.0
item4_Tiamat,0.0
item4_Total Biscuit of Everlasting Will,0.0
item4_Trailblazer,0.0
item4_Trinity Force,0.0
item4_Tunneler,0.0
item4_Umbral Glaive,0.0
item4_Unending Despair,0.0
item4_Vampiric Scepter,0.0
item4_Verdant Barrier,0.0
item4_Void Staff,0.0
item4_Voltaic Cyclosword,0.0
item4_Warden's Mail,0.0
item4_Warmog's Armor,0.0
item4_Winged Moonplate,0.0
item4_Wit's End,0.0
item4_Youmuu's Ghostblade,0.0
item4_Yun Tal Wildarrows,0.0
item4_Zeal,0.0
item4_Zeke's Convergence,0.0
item4_Zhonya's Hourglass,0.0
item5_0,0.0
item5_Abyssal Mask,0.0
item5_Aegis of the Legion,0.0
item5_Aether Wisp,0.0
item5_Amplifying Tome,0.0
item5_Ardent Censer,0.0
item5_Armored Advance,0.0
item5_Axiom Arc,0.0
item5_B. F. Sword,0.0
item5_Bami's Cinder,0.0
item5_Bandleglass Mirror,0.0
item5_Berserker's Greaves,0.0
item5_Black Cleaver,0.0
item5_Blade of The Ruined King,0.0
item5_Blasting Wand,0.0
item5_Blighting Jewel,0.0
item5_Bloodletter's Curse,0.0
item5_Bloodsong,0.0
item5_Bloodthirster,0.0
item5_Boots,0.0
item5_Boots of Swiftness,0.0
item5_Bramble Vest,0.0
item5_Caulfield's Warhammer,0.0
item5_Celestial Opposition,0.0
item5_Chain Vest,0.0
item5_Chainlaced Crushers,0.0
item5_Chempunk Chainsword,0.0
item5_Cloak of Agility,0.0
item5_Cloth Armor,0.0
item5_Control Ward,0.0
item5_Cosmic Drive,0.0
item5_Crimson Lucidity,0.0
item5_Crystalline Bracer,0.0
item5_Cull,0.0
item5_Dagger,0.0
item5_Dark Seal,0.0
item5_Dawncore,0.0
item5_Dead Man's Plate,0.0
item5_Death's Dance,0.0
item5_Doran's Blade,0.0
item5_Doran's Ring,0.0
item5_Doran's Shield,0.0
item5_Dream Maker,0.0
item5_Echoes of Helia,0.0
item5_Eclipse,0.0
item5_Edge of Night,0.0
item5_Elixir of Iron,0.0
item5_Essence Reaver,0.0
item5_Executioner's Calling,0.0
item5_Faerie Charm,0.0
item5_Fated Ashes,0.0
item5_Fiendish Codex,0.0
item5_Fimbulwinter,0.0
item5_Forbidden Idol,0.0
item5_Force of Nature,0.0
item5_Forever Forward,0.0
item5_Frozen Heart,0.0
item5_Giant's Belt,0.0
item5_Glacial Buckler,0.0
item5_Glowing Mote,0.0
item5_Guardian Angel,0.0
item5_Guinsoo's Rageblade,0.0
item5_Gunmetal Greaves,0.0
item5_Gustwalker Hatchling,0.0
item5_Haunting Guise,0.0
item5_Hearthbound Axe,0.0
item5_Heartsteel,0.0
item5_Hexdrinker,0.0
item5_Hextech Alternator,0.0
item5_Hextech Rocketbelt,0.0
item5_Hollow Radiance,0.0
item5_Horizon Focus,0.0
item5_Hubris,0.0
item5_Hullbreaker,0.0
item5_Iceborn Gauntlet,0.0
item5_Immortal Shieldbow,0.0
item5_Imperial Mandate,0.0
item5_Infinity Edge,0.0
item5_Ionian Boots of Lucidity,0.0
"item5_Jak'Sho, The Protean",0.0
item5_Kaenic Rookern,0.0
item5_Kindlegem,0.0
item5_Knight's Vow,0.0
item5_Kraken Slayer,0.0
item5_Last Whisper,0.0
item5_Liandry's Torment,0.0
item5_Lich Bane,0.0
item5_Locket of the Iron Solari,0.0
item5_Long Sword,0.0
item5_Lord Dominik's Regards,0.0
item5_Lost Chapter,0.0
item5_Luden's Companion,0.0
item5_Malignance,0.0
item5_Maw of Malmortius,0.0
item5_Mejai's Soulstealer,0.0
item5_Mercury's Treads,0.0
item5_Mikael's Blessing,0.0
item5_Moonstone Renewer,0.0
item5_Morellonomicon,0.0
item5_Mortal Reminder,0.0
item5_Mosstomper Seedling,0.0
item5_Muramana,0.0
item5_Nashor's Tooth,0.0
item5_Navori Flickerblade,0.0
item5_Needlessly Large Rod,0.0
item5_Negatron Cloak,0.0
item5_Noonquiver,0.0
item5_Null-Magic Mantle,0.0
item5_Oblivion Orb,0.0
item5_Opportunity,0.0
item5_Overlord's Bloodmail,0.0
item5_Phage,0.0
item5_Phantom Dancer,0.0
item5_Pickaxe,0.0
item5_Plated Steelcaps,0.0
item5_Profane Hydra,0.0
item5_Quicksilver Sash,0.0
item5_Rabadon's Deathcap,0.0
item5_Rapid Firecannon,0.0
item5_Ravenous Hydra,0.0
item5_Rectrix,0.0
item5_Recurve Bow,0.0
item5_Redemption,0.0
item5_Refillable Potion,0.0
item5_Rejuvenation Bead,0.0
item5_Riftmaker,0.0
item5_Rod of Ages,0.0
item5_Ruby Crystal,0.0
item5_Runaan's Hurricane,0.0
item5_Rylai's Crystal Scepter,0.0
item5_Sapphire Crystal,0.0
item5_Scorchclaw Pup,0.0
item5_Scout's Slingshot,0.0
item5_Seeker's Armguard,0.0
item5_Seraph's Embrace,0.0
item5_Serpent's Fang,0.0
item5_Serrated Dirk,0.0
item5_Serylda's Grudge,0.0
item5_Shadowflame,0.0
item5_Shattered Armguard,0.0
item5_Sheen,0.0
item5_Shurelya's Battlesong,0.0
item5_Slightly Magical Footwear,0.0
item5_Solstice Sleigh,0.0
item5_Sorcerer's Shoes,0.0
item5_Spear of Shojin,0.0
enemyMissingPings,0.0
item5_Spellslinger's Shoes,0.0
item5_Spirit Visage,0.0
item5_Staff of Flowing Water,0.0
item5_Statikk Shiv,0.0
item5_Steel Sigil,0.0
item5_Sterak's Gage,0.0
item5_Stormsurge,0.0
item5_Stridebreaker,0.0
item5_Sundered Sky,0.0
item5_Sunfire Aegis,0.0
item5_Swiftmarch,0.0
item5_Symbiotic Soles,0.0
item5_Synchronized Souls,0.0
item5_Tear of the Goddess,0.0
item5_Terminus,0.0
item5_The Brutalizer,0.0
item5_The Collector,0.0
item5_Thornmail,0.0
item5_Tiamat,0.0
item5_Titanic Hydra,0.0
item5_Trailblazer,0.0
item5_Trinity Force,0.0
item5_Tunneler,0.0
item5_Umbral Glaive,0.0
item5_Unending Despair,0.0
item5_Vampiric Scepter,0.0
item5_Verdant Barrier,0.0
item5_Void Staff,0.0
item5_Voltaic Cyclosword,0.0
item5_Warden's Mail,0.0
item5_Watchful Wardstone,0.0
item5_Winged Moonplate,0.0
item5_Wit's End,0.0
item5_World Atlas,0.0
item5_Youmuu's Ghostblade,0.0
item5_Your Cut,0.0
item5_Yun Tal Wildarrows,0.0
item5_Zaz'Zak's Realmspike,0.0
item5_Zeal,0.0
item5_Zeke's Convergence,0.0
item5_Zhonya's Hourglass,0.0
wardTypeBought_0,0.0
wardTypeBought_Eye of the Herald,0.0
wardTypeBought_Farsight Alteration,0.0
wardTypeBought_Oracle Lens,0.0
wardTypeBought_Scarecrow Effigy,0.0
wardTypeBought_Stealth Ward,0.0
red_champ5_Veigar,0.0
largestMultiKill,0.0
playerSide_Blue,0.0
playerSide_Red,0.0
blue_champ1_Aatrox,0.0
blue_champ1_Ahri,0.0
blue_champ1_Akali,0.0
blue_champ1_Akshan,0.0
red_champ5_Zyra,0.0
blue_champ1_Amumu,0.0
blue_champ1_Anivia,0.0
blue_champ1_Annie,0.0
blue_champ1_Ashe,0.0
kills,0.0
blue_champ1_Aurora,0.0
blue_champ1_Azir,0.0
blue_champ1_Bard,0.0
blue_champ1_Belveth,0.0
blue_champ1_Blitzcrank,0.0
blue_champ1_Briar,0.0
blue_champ1_Caitlyn,0.0
blue_champ1_Camille,0.0
blue_champ1_Cassiopeia,0.0
unrealKills,0.0
blue_champ1_Corki,0.0
blue_champ1_Darius,0.0
blue_champ1_Diana,0.0
blue_champ1_DrMundo,0.0
blue_champ1_Draven,0.0
blue_champ1_Ekko,0.0
blue_champ1_Elise,0.0
blue_champ1_Evelynn,0.0
blue_champ1_Ezreal,0.0
blue_champ1_FiddleSticks,0.0
blue_champ1_Fiora,0.0
blue_champ1_Fizz,0.0
red_champ5_Sona,0.0
blue_champ1_Gangplank,0.0
blue_champ1_Garen,0.0
blue_champ1_Gnar,0.0
blue_champ1_Gragas,0.0
blue_champ1_Graves,0.0
blue_champ1_Gwen,0.0
blue_champ1_Hecarim,0.0
blue_champ1_Heimerdinger,0.0
blue_champ1_Hwei,0.0
blue_champ1_Illaoi,0.0
blue_champ1_Irelia,0.0
blue_champ1_Ivern,0.0
blue_champ1_Janna,0.0
blue_champ1_JarvanIV,0.0
blue_champ1_Jax,0.0
blue_champ1_Jayce,0.0
blue_champ1_Jhin,0.0
blue_champ1_Jinx,0.0
blue_champ1_KSante,0.0
blue_champ1_Kaisa,0.0
blue_champ1_Kalista,0.0
blue_champ1_Karma,0.0
blue_champ1_Karthus,0.0
blue_champ1_Kassadin,0.0
blue_champ1_Katarina,0.0
blue_champ1_Kayle,0.0
blue_champ1_Kayn,0.0
blue_champ1_Kennen,0.0
blue_champ1_Kindred,0.0
blue_champ1_Kled,0.0
blue_champ1_KogMaw,0.0
blue_champ1_Leblanc,0.0
blue_champ1_LeeSin,0.0
blue_champ1_Lissandra,0.0
blue_champ1_Lulu,0.0
blue_champ1_Lux,0.0
blue_champ1_Malphite,0.0
blue_champ1_Malzahar,0.0
blue_champ1_Maokai,0.0
blue_champ1_MasterYi,0.0
blue_champ1_Mel,0.0
blue_champ1_MissFortune,0.0
blue_champ1_MonkeyKing,0.0
blue_champ1_Mordekaiser,0.0
blue_champ1_Morgana,0.0
blue_champ1_Naafiri,0.0
blue_champ1_Nasus,0.0
blue_champ1_Nautilus,0.0
blue_champ1_Neeko,0.0
blue_champ1_Nidalee,0.0
blue_champ1_Nocturne,0.0
red_champ5_Soraka,0.0
blue_champ1_Olaf,0.0
blue_champ1_Orianna,0.0
blue_champ1_Ornn,0.0
blue_champ1_Pantheon,0.0
blue_champ1_Poppy,0.0
blue_champ1_Qiyana,0.0
blue_champ1_Quinn,0.0
blue_champ1_RekSai,0.0
blue_champ1_Renata,0.0
blue_champ1_Renekton,0.0
blue_champ1_Rengar,0.0
blue_champ1_Riven,0.0
blue_champ1_Rumble,0.0
blue_champ1_Ryze,0.0
blue_champ1_Samira,0.0
blue_champ1_Sejuani,0.0
blue_champ1_Sett,0.0
blue_champ1_Shaco,0.0
blue_champ1_Shen,0.0
blue_champ1_Singed,0.0
blue_champ1_Sion,0.0
blue_champ1_Skarner,0.0
blue_champ1_Smolder,0.0
blue_champ1_Soraka,0.0
blue_champ1_Swain,0.0
blue_champ1_Sylas,0.0
red_champ5_Swain,0.0
blue_champ1_TahmKench,0.0
blue_champ1_Taliyah,0.0
blue_champ1_Talon,0.0
blue_champ1_Taric,0.0
blue_champ1_Teemo,0.0
blue_champ1_Thresh,0.0
blue_champ1_Trundle,0.0
blue_champ1_Tryndamere,0.0
blue_champ1_TwistedFate,0.0
blue_champ1_Udyr,0.0
blue_champ1_Urgot,0.0
blue_champ1_Varus,0.0
blue_champ1_Vayne,0.0
blue_champ1_Veigar,0.0
blue_champ1_Velkoz,0.0
blue_champ1_Vex,0.0
blue_champ1_Viego,0.0
blue_champ1_Viktor,0.0
red_champ5_Sylas,0.0
blue_champ1_Volibear,0.0
blue_champ1_Warwick,0.0
blue_champ1_Xerath,0.0
blue_champ1_XinZhao,0.0
blue_champ1_Yasuo,0.0
blue_champ1_Yone,0.0
blue_champ1_Yorick,0.0
blue_champ1_Zac,0.0
blue_champ1_Zed,0.0
blue_champ1_Zilean,0.0
red_champ5_Syndra,0.0
blue_champ2_Ahri,0.0
blue_champ2_Akali,0.0
blue_champ2_Alistar,0.0
blue_champ2_Ambessa,0.0
blue_champ2_Amumu,0.0
blue_champ2_Aphelios,0.0
blue_champ2_Ashe,0.0
blue_champ2_AurelionSol,0.0
blue_champ2_Azir,0.0
blue_champ2_Bard,0.0
blue_champ2_Belveth,0.0
blue_champ2_Blitzcrank,0.0
blue_champ2_Brand,0.0
blue_champ2_Braum,0.0
blue_champ2_Briar,0.0
blue_champ2_Caitlyn,0.0
blue_champ2_Camille,0.0
blue_champ2_Cassiopeia,0.0
blue_champ2_Chogath,0.0
blue_champ2_Corki,0.0
blue_champ2_Darius,0.0
blue_champ2_Diana,0.0
blue_champ2_DrMundo,0.0
blue_champ2_Ekko,0.0
blue_champ2_Elise,0.0
blue_champ2_Evelynn,0.0
blue_champ2_Ezreal,0.0
blue_champ2_FiddleSticks,0.0
blue_champ2_Galio,0.0
blue_champ2_Garen,0.0
blue_champ2_Gnar,0.0
blue_champ2_Gragas,0.0
blue_champ2_Graves,0.0
blue_champ2_Gwen,0.0
blue_champ2_Hecarim,0.0
blue_champ2_Hwei,0.0
blue_champ2_Irelia,0.0
blue_champ2_Ivern,0.0
blue_champ2_JarvanIV,0.0
blue_champ2_Jax,0.0
blue_champ2_Jayce,0.0
red_champ5_TahmKench,0.0
blue_champ2_Jinx,0.0
blue_champ2_KSante,0.0
blue_champ2_Kaisa,0.0
blue_champ2_Karma,0.0
blue_champ2_Karthus,0.0
blue_champ2_Kayn,0.0
blue_champ2_Khazix,0.0
blue_champ2_Kindred,0.0
blue_champ2_LeeSin,0.0
blue_champ2_Leona,0.0
blue_champ2_Lillia,0.0
blue_champ2_Lissandra,0.0
blue_champ2_Lucian,0.0
blue_champ2_Malphite,0.0
blue_champ2_Malzahar,0.0
blue_champ2_Maokai,0.0
blue_champ2_MasterYi,0.0
blue_champ2_Mel,0.0
blue_champ2_MissFortune,0.0
blue_champ2_MonkeyKing,0.0
blue_champ2_Mordekaiser,0.0
blue_champ2_Morgana,0.0
blue_champ2_Naafiri,0.0
blue_champ2_Nami,0.0
blue_champ2_Nasus,0.0
blue_champ2_Nautilus,0.0
blue_champ2_Neeko,0.0
blue_champ2_Nidalee,0.0
blue_champ2_Nilah,0.0
red_champ5_Talon,0.0
blue_champ2_Nunu,0.0
blue_champ2_Olaf,0.0
blue_champ2_Orianna,0.0
blue_champ2_Ornn,0.0
blue_champ2_Pantheon,0.0
blue_champ2_Poppy,0.0
blue_champ2_Pyke,0.0
blue_champ2_Qiyana,0.0
blue_champ2_Rammus,0.0
blue_champ2_RekSai,0.0
blue_champ2_Rengar,0.0
blue_champ2_Riven,0.0
blue_champ2_Rumble,0.0
blue_champ2_Sejuani,0.0
blue_champ2_Sett,0.0
blue_champ2_Shaco,0.0
blue_champ2_Shen,0.0
blue_champ2_Shyvana,0.0
blue_champ2_Singed,0.0
blue_champ2_Sion,0.0
blue_champ2_Skarner,0.0
blue_champ2_Swain,0.0
blue_champ2_Sylas,0.0
blue_champ2_TahmKench,0.0
blue_champ2_Taliyah,0.0
blue_champ2_Talon,0.0
blue_champ2_Taric,0.0
red_champ5_Taric,0.0
blue_champ2_Thresh,0.0
blue_champ2_Tryndamere,0.0
blue_champ2_Twitch,0.0
blue_champ2_Udyr,0.0
red_champ5_Teemo,0.0
blue_champ2_Varus,0.0
blue_champ2_Vayne,0.0
blue_champ2_Veigar,0.0
blue_champ2_Vi,0.0
blue_champ2_Viego,0.0
blue_champ2_Viktor,0.0
blue_champ2_Vladimir,0.0
blue_champ2_Volibear,0.0
blue_champ2_Warwick,0.0
blue_champ2_Xayah,0.0
blue_champ2_XinZhao,0.0
blue_champ2_Yasuo,0.0
blue_champ2_Yone,0.0
blue_champ2_Yuumi,0.0
red_champ5_Thresh,0.0
blue_champ2_Zed,0.0
blue_champ2_Zeri,0.0
blue_champ2_Ziggs,0.0
blue_champ2_Zoe,0.0
blue_champ2_Zyra,0.0
blue_champ3_Aatrox,0.0
blue_champ3_Ahri,0.0
blue_champ3_Akali,0.0
blue_champ3_Akshan,0.0
blue_champ3_Alistar,0.0
blue_champ3_Ambessa,0.0
blue_champ3_Amumu,0.0
blue_champ3_Anivia,0.0
blue_champ3_Annie,0.0
blue_champ3_Aphelios,0.0
blue_champ3_AurelionSol,0.0
blue_champ3_Aurora,0.0
blue_champ3_Azir,0.0
blue_champ3_Belveth,0.0
blue_champ3_Brand,0.0
blue_champ3_Briar,0.0
blue_champ3_Caitlyn,0.0
blue_champ3_Camille,0.0
blue_champ3_Cassiopeia,0.0
blue_champ3_Chogath,0.0
blue_champ3_Corki,0.0
blue_champ3_Darius,0.0
blue_champ3_Diana,0.0
blue_champ3_DrMundo,0.0
blue_champ3_Draven,0.0
blue_champ3_Ekko,0.0
red_champ5_TwistedFate,0.0
blue_champ3_Ezreal,0.0
blue_champ3_FiddleSticks,0.0
blue_champ3_Fiora,0.0
blue_champ3_Fizz,0.0
blue_champ3_Galio,0.0
blue_champ3_Gangplank,0.0
blue_champ3_Garen,0.0
blue_champ3_Gnar,0.0
blue_champ3_Gragas,0.0
blue_champ3_Graves,0.0
blue_champ3_Gwen,0.0
blue_champ3_Hecarim,0.0
blue_champ3_Heimerdinger,0.0
blue_champ3_Hwei,0.0
blue_champ3_Irelia,0.0
blue_champ3_Janna,0.0
blue_champ3_JarvanIV,0.0
blue_champ3_Jax,0.0
blue_champ3_Jayce,0.0
blue_champ3_Jhin,0.0
blue_champ3_Jinx,0.0
blue_champ3_KSante,0.0
blue_champ3_Kaisa,0.0
blue_champ3_Kalista,0.0
blue_champ3_Karma,0.0
blue_champ3_Kassadin,0.0
blue_champ3_Katarina,0.0
blue_champ3_Kayle,0.0
blue_champ3_Kayn,0.0
blue_champ3_Kennen,0.0
blue_champ3_Kindred,0.0
blue_champ3_Kled,0.0
blue_champ3_KogMaw,0.0
blue_champ3_Leblanc,0.0
blue_champ3_LeeSin,0.0
blue_champ3_Leona,0.0
blue_champ3_Lissandra,0.0
blue_champ3_Lucian,0.0
blue_champ3_Lulu,0.0
blue_champ3_Lux,0.0
blue_champ3_Malphite,0.0
blue_champ3_Malzahar,0.0
blue_champ3_Mel,0.0
blue_champ3_Milio,0.0
blue_champ3_MissFortune,0.0
blue_champ3_MonkeyKing,0.0
blue_champ3_Mordekaiser,0.0
blue_champ3_Morgana,0.0
blue_champ3_Naafiri,0.0
blue_champ3_Nami,0.0
blue_champ3_Nasus,0.0
blue_champ3_Nautilus,0.0
blue_champ3_Neeko,0.0
blue_champ3_Nidalee,0.0
blue_champ3_Nunu,0.0
blue_champ3_Olaf,0.0
red_champ5_Twitch,0.0
blue_champ3_Ornn,0.0
blue_champ3_Pantheon,0.0
blue_champ3_Poppy,0.0
blue_champ3_Pyke,0.0
blue_champ3_Qiyana,0.0
blue_champ3_Quinn,0.0
blue_champ3_RekSai,0.0
blue_champ3_Rell,0.0
blue_champ3_Renekton,0.0
blue_champ3_Rengar,0.0
blue_champ3_Riven,0.0
blue_champ3_Rumble,0.0
blue_champ3_Ryze,0.0
blue_champ3_Samira,0.0
blue_champ3_Sejuani,0.0
blue_champ3_Senna,0.0
blue_champ3_Seraphine,0.0
blue_champ3_Sett,0.0
blue_champ3_Shaco,0.0
blue_champ3_Shen,0.0
blue_champ3_Shyvana,0.0
blue_champ3_Singed,0.0
blue_champ3_Sion,0.0
blue_champ3_Sivir,0.0
blue_champ3_Skarner,0.0
blue_champ3_Smolder,0.0
blue_champ3_Sona,0.0
blue_champ3_Soraka,0.0
blue_champ3_Swain,0.0
blue_champ3_Sylas,0.0
blue_champ3_Syndra,0.0
blue_champ3_Taliyah,0.0
blue_champ3_Talon,0.0
blue_champ3_Taric,0.0
blue_champ3_Thresh,0.0
blue_champ3_Tristana,0.0
blue_champ3_Tryndamere,0.0
blue_champ3_TwistedFate,0.0
blue_champ3_Twitch,0.0
blue_champ3_Udyr,0.0
blue_champ3_Urgot,0.0
blue_champ3_Varus,0.0
blue_champ3_Vayne,0.0
blue_champ3_Veigar,0.0
blue_champ3_Velkoz,0.0
blue_champ3_Vex,0.0
blue_champ3_Vi,0.0
blue_champ3_Viego,0.0
blue_champ3_Viktor,0.0
blue_champ3_Vladimir,0.0
red_champ5_Urgot,0.0
blue_champ3_Warwick,0.0
blue_champ3_Xayah,0.0
blue_champ3_Xerath,0.0
blue_champ3_XinZhao,0.0
blue_champ3_Yasuo,0.0
blue_champ3_Yone,0.0
blue_champ3_Yorick,0.0
blue_champ3_Yuumi,0.0
blue_champ3_Zac,0.0
blue_champ3_Zed,0.0
blue_champ3_Zeri,0.0
blue_champ3_Ziggs,0.0
blue_champ3_Zilean,0.0
blue_champ3_Zoe,0.0
blue_champ3_Zyra,0.0
blue_champ4_Ahri,0.0
blue_champ4_Akali,0.0
blue_champ4_Akshan,0.0
blue_champ4_Alistar,0.0
blue_champ4_Anivia,0.0
blue_champ4_Aphelios,0.0
blue_champ4_Ashe,0.0
blue_champ4_AurelionSol,0.0
blue_champ4_Aurora,0.0
blue_champ4_Azir,0.0
blue_champ4_Brand,0.0
blue_champ4_Caitlyn,0.0
blue_champ4_Cassiopeia,0.0
blue_champ4_Chogath,0.0
blue_champ4_Corki,0.0
tripleKills,0.0
blue_champ4_DrMundo,0.0
blue_champ4_Draven,0.0
blue_champ4_Ekko,0.0
blue_champ4_Elise,0.0
blue_champ4_Evelynn,0.0
blue_champ4_Ezreal,0.0
blue_champ4_Fiora,0.0
blue_champ4_Galio,0.0
blue_champ4_Gragas,0.0
blue_champ4_Graves,0.0
blue_champ4_Gwen,0.0
blue_champ4_Heimerdinger,0.0
blue_champ4_Hwei,0.0
blue_champ4_Illaoi,0.0
blue_champ4_Irelia,0.0
blue_champ4_Janna,0.0
blue_champ4_JarvanIV,0.0
blue_champ4_Jax,0.0
blue_champ4_Jayce,0.0
blue_champ4_Jhin,0.0
blue_champ4_Jinx,0.0
blue_champ4_KSante,0.0
blue_champ4_Kaisa,0.0
blue_champ4_Kalista,0.0
blue_champ4_Karma,0.0
blue_champ4_Karthus,0.0
blue_champ4_Katarina,0.0
blue_champ4_Kindred,0.0
blue_champ4_KogMaw,0.0
blue_champ4_LeeSin,0.0
blue_champ4_Leona,0.0
blue_champ4_Lissandra,0.0
blue_champ4_Lucian,0.0
blue_champ4_Lulu,0.0
blue_champ4_Lux,0.0
blue_champ4_Malphite,0.0
blue_champ4_Malzahar,0.0
blue_champ4_MasterYi,0.0
blue_champ4_Mel,0.0
blue_champ4_Milio,0.0
blue_champ4_MissFortune,0.0
blue_champ4_Nami,0.0
enemyVisionPings,0.0
blue_champ4_Nautilus,0.0
holdPings,0.0
blue_champ4_Nilah,0.0
blue_champ4_Nunu,0.0
blue_champ4_Olaf,0.0
blue_champ4_Orianna,0.0
blue_champ4_Ornn,0.0
blue_champ4_Poppy,0.0
blue_champ4_Pyke,0.0
blue_champ4_Qiyana,0.0
blue_champ4_Quinn,0.0
blue_champ4_Rakan,0.0
blue_champ4_RekSai,0.0
blue_champ4_Rell,0.0
blue_champ4_Rengar,0.0
blue_champ4_Riven,0.0
blue_champ4_Ryze,0.0
blue_champ4_Samira,0.0
blue_champ4_Senna,0.0
blue_champ4_Seraphine,0.0
blue_champ4_Singed,0.0
blue_champ4_Sion,0.0
blue_champ4_Sivir,0.0
blue_champ4_Smolder,0.0
blue_champ4_Sona,0.0
blue_champ4_Swain,0.0
blue_champ4_Sylas,0.0
blue_champ4_Syndra,0.0
blue_champ4_TahmKench,0.0
blue_champ4_Taliyah,0.0
blue_champ4_Taric,0.0
getBackPings,0.0
blue_champ4_Thresh,0.0
blue_champ4_Tristana,0.0
blue_champ4_TwistedFate,0.0
blue_champ4_Twitch,0.0
blue_champ4_Urgot,0.0
blue_champ4_Varus,0.0
blue_champ4_Vayne,0.0
blue_champ4_Veigar,0.0
blue_champ4_Velkoz,0.0
blue_champ4_Vex,0.0
blue_champ4_Viego,0.0
blue_champ4_Viktor,0.0
blue_champ4_Vladimir,0.0
blue_champ4_Xayah,0.0
blue_champ4_Xerath,0.0
blue_champ4_XinZhao,0.0
blue_champ4_Yasuo,0.0
blue_champ4_Yone,0.0
blue_champ4_Yuumi,0.0
blue_champ4_Zac,0.0
blue_champ4_Zed,0.0
blue_champ4_Zeri,0.0
blue_champ4_Ziggs,0.0
blue_champ4_Zilean,0.0
blue_champ4_Zoe,0.0
pushPings,0.0
blue_champ5_Aatrox,0.0
blue_champ5_Ahri,0.0
blue_champ5_Akshan,0.0
blue_champ5_Alistar,0.0
blue_champ5_Ambessa,0.0
blue_champ5_Amumu,0.0
blue_champ5_Anivia,0.0
blue_champ5_Annie,0.0
blue_champ5_Ashe,0.0
blue_champ5_Aurora,0.0
blue_champ5_Azir,0.0
blue_champ5_Bard,0.0
blue_champ5_Belveth,0.0
blue_champ5_Blitzcrank,0.0
blue_champ5_Brand,0.0
visionScore,0.0
blue_champ5_Caitlyn,0.0
blue_champ5_Camille,0.0
blue_champ5_Cassiopeia,0.0
blue_champ5_Chogath,0.0
blue_champ5_Corki,0.0
blue_champ5_Darius,0.0
blue_champ5_Diana,0.0
blue_champ5_Elise,0.0
blue_champ5_Ezreal,0.0
blue_champ5_FiddleSticks,0.0
blue_champ5_Fiora,0.0
blue_champ5_Galio,0.0
blue_champ5_Garen,0.0
blue_champ5_Gragas,0.0
blue_champ5_Heimerdinger,0.0
blue_champ5_Hwei,0.0
blue_champ5_Irelia,0.0
blue_champ5_Ivern,0.0
blue_champ5_Janna,0.0
blue_champ5_Jax,0.0
blue_champ5_Jayce,0.0
blue_champ5_Jhin,0.0
blue_champ5_Kaisa,0.0
blue_champ5_Karma,0.0
blue_champ5_Katarina,0.0
visionClearedPings,0.0
blue_champ5_Kennen,0.0
blue_champ5_Khazix,0.0
blue_champ5_Kled,0.0
blue_champ5_Leblanc,0.0
blue_champ5_LeeSin,0.0
blue_champ5_Leona,0.0
blue_champ5_Lillia,0.0
blue_champ5_Lulu,0.0
blue_champ5_Lux,0.0
blue_champ5_Malphite,0.0
blue_champ5_Maokai,0.0
blue_champ5_MasterYi,0.0
blue_champ5_Mel,0.0
blue_champ5_Milio,0.0
blue_champ5_MissFortune,0.0
blue_champ5_MonkeyKing,0.0
blue_champ5_Morgana,0.0
blue_champ5_Nami,0.0
blue_champ5_Nautilus,0.0
blue_champ5_Neeko,0.0
blue_champ5_Nocturne,0.0
blue_champ5_Nunu,0.0
blue_champ5_Orianna,0.0
blue_champ5_Ornn,0.0
blue_champ5_Pantheon,0.0
blue_champ5_Poppy,0.0
blue_champ5_Pyke,0.0
blue_champ5_Qiyana,0.0
blue_champ5_Rakan,0.0
blue_champ5_Rammus,0.0
blue_champ5_RekSai,0.0
blue_champ5_Rell,0.0
blue_champ5_Renata,0.0
blue_champ5_Renekton,0.0
blue_champ5_Rengar,0.0
blue_champ5_Riven,0.0
blue_champ5_Ryze,0.0
blue_champ5_Sejuani,0.0
blue_champ5_Senna,0.0
blue_champ5_Seraphine,0.0
blue_champ5_Sett,0.0
blue_champ5_Shaco,0.0
blue_champ5_Shen,0.0
blue_champ5_Singed,0.0
blue_champ5_Sivir,0.0
blue_champ5_Skarner,0.0
blue_champ5_Sona,0.0
blue_champ5_Soraka,0.0
blue_champ5_Swain,0.0
blue_champ5_Sylas,0.0
blue_champ5_Syndra,0.0
blue_champ5_TahmKench,0.0
visionWardsBoughtInGame,0.0
blue_champ5_Taric,0.0
blue_champ5_Teemo,0.0
blue_champ5_Thresh,0.0
blue_champ5_Trundle,0.0
blue_champ5_TwistedFate,0.0
blue_champ5_Twitch,0.0
blue_champ5_Urgot,0.0
blue_champ5_Varus,0.0
blue_champ5_Veigar,0.0
blue_champ5_Velkoz,0.0
blue_champ5_Vi,0.0
blue_champ5_Viego,0.0
wardsPlaced,0.0
blue_champ5_Volibear,0.0
blue_champ5_Xerath,0.0
blue_champ5_XinZhao,0.0
blue_champ5_Yasuo,0.0
blue_champ5_Yone,0.0
blue_champ5_Yuumi,0.0
blue_champ5_Zac,0.0
sightWardsBoughtInGame,0.0
blue_champ5_Ziggs,0.0
blue_champ5_Zilean,0.0
blue_champ5_Zoe,0.0
blue_champ5_Zyra,0.0
detectorWardsPlaced,0.0
red_champ1_Ahri,0.0
red_champ1_Akali,0.0
red_champ1_Akshan,0.0
red_champ1_Alistar,0.0
red_champ1_Ambessa,0.0
red_champ1_Amumu,0.0
red_champ1_Anivia,0.0
red_champ1_Annie,0.0
red_champ1_Ashe,0.0
red_champ1_AurelionSol,0.0
red_champ1_Aurora,0.0
red_champ1_Azir,0.0
red_champ1_Belveth,0.0
red_champ1_Braum,0.0
red_champ1_Briar,0.0
red_champ1_Caitlyn,0.0
red_champ1_Camille,0.0
red_champ1_Cassiopeia,0.0
red_champ1_Chogath,0.0
red_champ1_Corki,0.0
red_champ1_Darius,0.0
red_champ1_DrMundo,0.0
red_champ1_Draven,0.0
red_champ1_Ekko,0.0
red_champ1_Elise,0.0
red_champ1_Ezreal,0.0
red_champ1_FiddleSticks,0.0
red_champ1_Fiora,0.0
red_champ1_Fizz,0.0
red_champ1_Galio,0.0
red_champ1_Gangplank,0.0
baronKills,0.0
red_champ1_Gnar,0.0
red_champ1_Gragas,0.0
red_champ1_Gwen,0.0
red_champ1_Heimerdinger,0.0
red_champ1_Hwei,0.0
red_champ1_Illaoi,0.0
red_champ1_Irelia,0.0
red_champ1_Janna,0.0
red_champ1_JarvanIV,0.0
red_champ1_Jax,0.0
red_champ1_Jayce,0.0
red_champ1_Jinx,0.0
red_champ1_KSante,0.0
red_champ1_Kaisa,0.0
red_champ1_Kalista,0.0
red_champ1_Karma,0.0
red_champ1_Kassadin,0.0
red_champ1_Kayle,0.0
red_champ1_Kayn,0.0
red_champ1_Kennen,0.0
red_champ1_Kindred,0.0
red_champ1_Kled,0.0
red_champ1_KogMaw,0.0
red_champ1_LeeSin,0.0
red_champ1_Lillia,0.0
red_champ1_Lissandra,0.0
red_champ1_Lucian,0.0
red_champ1_Lulu,0.0
red_champ1_Lux,0.0
dragonKills,0.0
red_champ1_Malzahar,0.0
red_champ1_Maokai,0.0
red_champ1_MasterYi,0.0
objectivesStolen,0.0
red_champ1_MissFortune,0.0
red_champ1_MonkeyKing,0.0
red_champ1_Mordekaiser,0.0
red_champ1_Naafiri,0.0
red_champ1_Nasus,0.0
objectivesStolenAssists,0.0
red_champ1_Neeko,0.0
red_champ1_Nidalee,0.0
red_champ1_Nocturne,0.0
red_champ1_Olaf,0.0
red_champ1_Orianna,0.0
red_champ1_Ornn,0.0
red_champ1_Pantheon,0.0
red_champ1_Poppy,0.0
red_champ1_Pyke,0.0
red_champ1_Qiyana,0.0
red_champ1_Quinn,0.0
red_champ1_Rammus,0.0
red_champ1_RekSai,0.0
red_champ1_Renekton,0.0
red_champ1_Rengar,0.0
red_champ1_Riven,0.0
red_champ1_Rumble,0.0
red_champ1_Ryze,0.0
red_champ1_Samira,0.0
red_champ1_Sejuani,0.0
red_champ1_Senna,0.0
red_champ1_Sett,0.0
red_champ1_Shaco,0.0
red_champ1_Shen,0.0
red_champ1_Singed,0.0
red_champ1_Sion,0.0
red_champ1_Skarner,0.0
red_champ1_Smolder,0.0
red_champ1_Soraka,0.0
red_champ1_Swain,0.0
red_champ1_Sylas,0.0
red_champ1_Syndra,0.0
red_champ1_TahmKench,0.0
red_champ1_Taliyah,0.0
red_champ1_Talon,0.0
red_champ1_Taric,0.0
red_champ1_Teemo,0.0
red_champ1_Thresh,0.0
red_champ1_Tristana,0.0
red_champ1_Trundle,0.0
red_champ1_Tryndamere,0.0
red_champ1_TwistedFate,0.0
red_champ1_Twitch,0.0
red_champ1_Udyr,0.0
red_champ1_Urgot,0.0
red_champ1_Varus,0.0
red_champ1_Vayne,0.0
red_champ1_Veigar,0.0
red_champ1_Vi,0.0
red_champ1_Viego,0.0
red_champ1_Viktor,0.0
red_champ1_Vladimir,0.0
red_champ1_Volibear,0.0
red_champ1_Warwick,0.0
red_champ1_Xerath,0.0
red_champ1_XinZhao,0.0
red_champ1_Yasuo,0.0
red_champ1_Yone,0.0
red_champ1_Yorick,0.0
red_champ1_Yuumi,0.0
red_champ1_Zac,0.0
red_champ1_Zed,0.0
red_champ1_Zeri,0.0
red_champ1_Zilean,0.0
red_champ1_Zoe,0.0
red_champ2_Aatrox,0.0
red_champ2_Ahri,0.0
red_champ2_Alistar,0.0
red_champ2_Ambessa,0.0
red_champ2_Amumu,0.0
red_champ2_Anivia,0.0
red_champ2_Annie,0.0
red_champ2_Ashe,0.0
red_champ2_AurelionSol,0.0
red_champ2_Aurora,0.0
red_champ2_Bard,0.0
red_champ2_Belveth,0.0
red_champ2_Brand,0.0
red_champ2_Braum,0.0
red_champ2_Briar,0.0
red_champ2_Caitlyn,0.0
red_champ2_Camille,0.0
red_champ2_Cassiopeia,0.0
red_champ2_Chogath,0.0
red_champ2_Corki,0.0
red_champ2_Darius,0.0
red_champ2_Diana,0.0
red_champ2_DrMundo,0.0
red_champ2_Draven,0.0
red_champ2_Ekko,0.0
red_champ2_Elise,0.0
red_champ2_Evelynn,0.0
red_champ2_Ezreal,0.0
red_champ2_FiddleSticks,0.0
red_champ2_Fiora,0.0
red_champ2_Galio,0.0
red_champ2_Gangplank,0.0
red_champ2_Garen,0.0
red_champ2_Gnar,0.0
red_champ2_Gragas,0.0
red_champ2_Graves,0.0
red_champ2_Gwen,0.0
red_champ2_Hecarim,0.0
red_champ2_Hwei,0.0
red_champ2_Irelia,0.0
red_champ2_Ivern,0.0
red_champ2_JarvanIV,0.0
red_champ2_Jax,0.0
red_champ2_Jayce,0.0
red_champ2_Jinx,0.0
red_champ2_KSante,0.0
red_champ2_Kaisa,0.0
red_champ2_Karthus,0.0
red_champ2_Kassadin,0.0
red_champ2_Kayle,0.0
red_champ2_Kayn,0.0
red_champ2_Kennen,0.0
red_champ2_Khazix,0.0
red_champ2_Kindred,0.0
red_champ2_Kled,0.0
red_champ2_Leblanc,0.0
red_champ2_LeeSin,0.0
red_champ2_Lillia,0.0
red_champ2_Lissandra,0.0
red_champ2_Lulu,0.0
red_champ2_Lux,0.0
red_champ2_Malphite,0.0
red_champ2_Malzahar,0.0
red_champ2_Maokai,0.0
red_champ2_MasterYi,0.0
red_champ2_MonkeyKing,0.0
red_champ2_Mordekaiser,0.0
red_champ2_Morgana,0.0
red_champ2_Naafiri,0.0
red_champ2_Nami,0.0
red_champ2_Nasus,0.0
turretKills,0.0
red_champ2_Neeko,0.0
red_champ2_Nidalee,0.0
red_champ2_Nocturne,0.0
red_champ2_Nunu,0.0
red_champ2_Olaf,0.0
red_champ2_Orianna,0.0
red_champ2_Ornn,0.0
red_champ2_Pantheon,0.0
red_champ2_Poppy,0.0
red_champ2_Qiyana,0.0
red_champ2_Rammus,0.0
red_champ2_RekSai,0.0
red_champ2_Renekton,0.0
red_champ2_Rengar,0.0
red_champ2_Rumble,0.0
red_champ2_Ryze,0.0
red_champ2_Sejuani,0.0
champLevel,0.0
red_champ2_Sett,0.0
red_champ2_Shaco,0.0
red_champ2_Shen,0.0
red_champ2_Shyvana,0.0
red_champ2_Singed,0.0
red_champ2_Sion,0.0
red_champ2_Sivir,0.0
red_champ2_Skarner,0.0
red_champ2_Smolder,0.0
championTransform,0.0
red_champ2_Taliyah,0.0
red_champ2_Talon,0.0
red_champ2_Taric,0.0
red_champ2_Teemo,0.0
red_champ2_Trundle,0.0
red_champ2_Tryndamere,0.0
red_champ2_TwistedFate,0.0
red_champ2_Twitch,0.0
red_champ2_Udyr,0.0
red_champ2_Urgot,0.0
red_champ2_Varus,0.0
red_champ2_Veigar,0.0
red_champ2_Vex,0.0
red_champ2_Vi,0.0
red_champ2_Viego,0.0
red_champ2_Viktor,0.0
red_champ2_Vladimir,0.0
red_champ2_Volibear,0.0
red_champ2_Warwick,0.0
red_champ2_Xayah,0.0
red_champ2_Xerath,0.0
red_champ2_XinZhao,0.0
red_champ2_Yasuo,0.0
red_champ2_Yone,0.0
red_champ2_Yorick,0.0
red_champ2_Yuumi,0.0
red_champ2_Zac,0.0
red_champ2_Zed,0.0
red_champ2_Zeri,0.0
red_champ2_Zilean,0.0
red_champ2_Zyra,0.0
red_champ3_Aatrox,0.0
red_champ3_Ahri,0.0
red_champ3_Akali,0.0
red_champ3_Akshan,0.0
red_champ3_Alistar,0.0
red_champ3_Ambessa,0.0
red_champ3_Amumu,0.0
red_champ3_Anivia,0.0
red_champ3_Annie,0.0
red_champ3_Aphelios,0.0
red_champ3_Ashe,0.0
red_champ3_AurelionSol,0.0
red_champ3_Aurora,0.0
red_champ3_Azir,0.0
red_champ3_Bard,0.0
red_champ3_Belveth,0.0
red_champ3_Brand,0.0
red_champ3_Braum,0.0
red_champ3_Briar,0.0
red_champ3_Caitlyn,0.0
red_champ3_Camille,0.0
red_champ3_Cassiopeia,0.0
red_champ3_Chogath,0.0
red_champ3_Corki,0.0
red_champ3_Darius,0.0
red_champ3_Diana,0.0
red_champ3_DrMundo,0.0
red_champ3_Draven,0.0
red_champ3_Ekko,0.0
red_champ3_Elise,0.0
red_champ3_Ezreal,0.0
red_champ3_FiddleSticks,0.0
red_champ3_Fiora,0.0
red_champ3_Fizz,0.0
red_champ3_Galio,0.0
red_champ3_Gangplank,0.0
red_champ3_Garen,0.0
red_champ3_Gnar,0.0
flex,0.0
red_champ3_Graves,0.0
red_champ3_Gwen,0.0
offense,0.0
red_champ3_Hwei,0.0
red_champ3_Irelia,0.0
red_champ3_Ivern,0.0
red_champ3_Janna,0.0
red_champ3_JarvanIV,0.0
red_champ3_Jax,0.0
red_champ3_Jayce,0.0
red_champ3_Jhin,0.0
red_champ3_Jinx,0.0
red_champ3_KSante,0.0
red_champ3_Kaisa,0.0
red_champ3_Kalista,0.0
red_champ3_Karma,0.0
red_champ3_Karthus,0.0
red_champ3_Kassadin,0.0
red_champ3_Katarina,0.0
red_champ3_Kayle,0.0
red_champ3_Kayn,0.0
red_champ3_Kennen,0.0
red_champ3_Khazix,0.0
red_champ3_Kled,0.0
red_champ3_KogMaw,0.0
red_champ3_Leblanc,0.0
red_champ3_LeeSin,0.0
red_champ3_Leona,0.0
red_champ3_Lillia,0.0
red_champ3_Lissandra,0.0
red_champ3_Lucian,0.0
red_champ3_Lulu,0.0
red_champ3_Lux,0.0
red_champ3_Malphite,0.0
red_champ3_Malzahar,0.0
red_champ3_Maokai,0.0
red_champ3_Mel,0.0
red_champ3_Milio,0.0
red_champ3_MissFortune,0.0
red_champ3_MonkeyKing,0.0
red_champ3_Mordekaiser,0.0
red_champ3_Morgana,0.0
red_champ3_Naafiri,0.0
red_champ3_Nami,0.0
red_champ3_Nasus,0.0
red_champ3_Nautilus,0.0
red_champ3_Neeko,0.0
red_champ3_Nidalee,0.0
red_champ3_Nilah,0.0
red_champ3_Nocturne,0.0
red_champ3_Nunu,0.0
red_champ3_Olaf,0.0
red_champ3_Orianna,0.0
red_champ3_Ornn,0.0
red_champ3_Pantheon,0.0
red_champ3_Poppy,0.0
red_champ3_Pyke,0.0
red_champ3_Qiyana,0.0
red_champ3_Quinn,0.0
red_champ3_Rakan,0.0
red_champ3_RekSai,0.0
red_champ3_Rell,0.0
red_champ3_Renekton,0.0
red_champ3_Riven,0.0
red_champ3_Rumble,0.0
red_champ3_Ryze,0.0
red_champ3_Sejuani,0.0
red_champ3_Seraphine,0.0
bountyLevel,0.0
red_champ3_Shaco,0.0
consumablesPurchased,0.0
red_champ3_Singed,0.0
red_champ3_Sion,0.0
red_champ3_Sivir,0.0
red_champ3_Skarner,0.0
red_champ3_Smolder,0.0
red_champ3_Sona,0.0
red_champ3_Soraka,0.0
red_champ3_Swain,0.0
red_champ3_Sylas,0.0
red_champ3_Syndra,0.0
magicDamageDealt,0.0
red_champ3_Taliyah,0.0
red_champ3_Talon,0.0
red_champ3_Taric,0.0
red_champ3_Teemo,0.0
red_champ3_Thresh,0.0
red_champ3_Tristana,0.0
red_champ3_Trundle,0.0
physicalDamageDealtToChampions,0.0
red_champ3_TwistedFate,0.0
red_champ3_Twitch,0.0
red_champ3_Udyr,0.0
red_champ3_Urgot,0.0
red_champ3_Varus,0.0
red_champ3_Vayne,0.0
red_champ3_Veigar,0.0
red_champ3_Velkoz,0.0
red_champ3_Vex,0.0
red_champ3_Vi,0.0
red_champ3_Viego,0.0
red_champ3_Viktor,0.0
red_champ3_Vladimir,0.0
red_champ3_Volibear,0.0
red_champ3_Xerath,0.0
red_champ3_XinZhao,0.0
red_champ3_Yasuo,0.0
red_champ3_Yone,0.0
red_champ3_Yuumi,0.0
red_champ3_Zac,0.0
red_champ3_Zed,0.0
red_champ3_Zeri,0.0
red_champ3_Ziggs,0.0
red_champ3_Zilean,0.0
red_champ3_Zoe,0.0
red_champ3_Zyra,0.0
red_champ4_Ahri,0.0
red_champ4_Akshan,0.0
red_champ4_Ambessa,0.0
red_champ4_Anivia,0.0
red_champ4_Aphelios,0.0
red_champ4_Ashe,0.0
red_champ4_AurelionSol,0.0
red_champ4_Aurora,0.0
red_champ4_Azir,0.0
red_champ4_Bard,0.0
red_champ4_Brand,0.0
red_champ4_Braum,0.0
red_champ4_Briar,0.0
red_champ4_Caitlyn,0.0
red_champ4_Cassiopeia,0.0
totalUnitsHealed,0.0
red_champ4_Corki,0.0
red_champ4_Diana,0.0
red_champ4_Draven,0.0
red_champ4_Elise,0.0
red_champ4_Ezreal,0.0
red_champ4_Fizz,0.0
red_champ4_Galio,0.0
red_champ4_Gangplank,0.0
totalDamageShieldedOnTeammates,0.0
red_champ4_Heimerdinger,0.0
red_champ4_Hwei,0.0
red_champ4_Irelia,0.0
red_champ4_Janna,0.0
red_champ4_JarvanIV,0.0
red_champ4_Jax,0.0
red_champ4_Jayce,0.0
teamPosition_,0.0
red_champ4_Jinx,0.0
red_champ4_KSante,0.0
red_champ4_Kaisa,0.0
red_champ4_Kalista,0.0
red_champ4_Karma,0.0
red_champ4_Karthus,0.0
red_champ4_Kassadin,0.0
red_champ4_Katarina,0.0
red_champ4_Khazix,0.0
red_champ4_KogMaw,0.0
red_champ4_Leblanc,0.0
red_champ4_LeeSin,0.0
red_champ4_Leona,0.0
red_champ4_Lissandra,0.0
red_champ4_Lucian,0.0
red_champ4_Lulu,0.0
red_champ4_Lux,0.0
red_champ4_Malzahar,0.0
red_champ4_Maokai,0.0
teamPosition_BOTTOM,0.0
red_champ4_Mel,0.0
red_champ4_MissFortune,0.0
red_champ4_MonkeyKing,0.0
red_champ4_Morgana,0.0
red_champ4_Nami,0.0
red_champ4_Neeko,0.0
red_champ4_Nidalee,0.0
teamPosition_JUNGLE,0.0
red_champ4_Nocturne,0.0
red_champ4_Nunu,0.0
red_champ4_Orianna,0.0
red_champ4_Pantheon,0.0
red_champ4_Poppy,0.0
red_champ4_Qiyana,0.0
red_champ4_Rakan,0.0
red_champ4_Rell,0.0
teamPosition_MIDDLE,0.0
red_champ4_Riven,0.0
red_champ4_Samira,0.0
red_champ4_Senna,0.0
red_champ4_Seraphine,0.0
red_champ4_Sett,0.0
red_champ4_Shen,0.0
red_champ4_Singed,0.0
red_champ4_Sivir,0.0
red_champ4_Skarner,0.0
red_champ4_Smolder,0.0
red_champ4_Sona,0.0
red_champ4_Soraka,0.0
red_champ4_Swain,0.0
red_champ4_Sylas,0.0
red_champ4_Syndra,0.0
red_champ4_TahmKench,0.0
teamPosition_TOP,0.0
red_champ4_Talon,0.0
red_champ4_Teemo,0.0
red_champ4_Thresh,0.0
red_champ4_Tristana,0.0
teamPosition_UTILITY,0.0
red_champ4_TwistedFate,0.0
red_champ4_Twitch,0.0
red_champ4_Urgot,0.0
red_champ4_Varus,0.0
red_champ4_Vayne,0.0
red_champ4_Veigar,0.0
red_champ4_Velkoz,0.0
red_champ4_Vi,0.0
red_champ4_Viego,0.0
red_champ4_Viktor,0.0
red_champ4_Vladimir,0.0
red_champ4_Xayah,0.0
red_champ4_Xerath,0.0
red_champ4_XinZhao,0.0
red_champ4_Yasuo,0.0
red_champ4_Yone,0.0
red_champ4_Yorick,0.0
red_champ4_Zed,0.0
red_champ4_Zeri,0.0
red_champ4_Ziggs,0.0
red_champ4_Zilean,0.0
red_champ4_Zoe,0.0
red_champ4_Zyra,0.0
red_champ5_Aatrox,0.0
red_champ5_Ahri,0.0
red_champ5_Alistar,0.0
red_champ5_Ambessa,0.0
red_champ5_Amumu,0.0
red_champ5_Anivia,0.0
red_champ5_Ashe,0.0
red_champ5_Aurora,0.0
red_champ5_Azir,0.0
red_champ5_Bard,0.0
red_champ5_Belveth,0.0
red_champ5_Blitzcrank,0.0
red_champ5_Brand,0.0
red_champ5_Braum,0.0
red_champ5_Caitlyn,0.0
red_champ5_Camille,0.0
red_champ5_Cassiopeia,0.0
red_champ5_Corki,0.0
red_champ5_Darius,0.0
red_champ5_Diana,0.0
red_champ5_Draven,0.0
red_champ5_Ekko,0.0
red_champ5_Elise,0.0
red_champ5_Ezreal,0.0
red_champ5_FiddleSticks,0.0
red_champ5_Fiora,0.0
red_champ5_Fizz,0.0
red_champ5_Galio,0.0
red_champ5_Garen,0.0
red_champ5_Gragas,0.0
championName_Ahri,0.0
red_champ5_Hecarim,0.0
red_champ5_Heimerdinger,0.0
red_champ5_Hwei,0.0
red_champ5_Irelia,0.0
red_champ5_Ivern,0.0
red_champ5_Janna,0.0
red_champ5_JarvanIV,0.0
red_champ5_Jax,0.0
red_champ5_Jhin,0.0
red_champ5_Jinx,0.0
red_champ5_KSante,0.0
red_champ5_Kaisa,0.0
red_champ5_Karma,0.0
red_champ5_Karthus,0.0
red_champ5_Katarina,0.0
red_champ5_Kayle,0.0
red_champ5_Kayn,0.0
red_champ5_Kennen,0.0
red_champ5_Khazix,0.0
red_champ5_Kled,0.0
red_champ5_KogMaw,0.0
red_champ5_Leblanc,0.0
red_champ5_LeeSin,0.0
red_champ5_Leona,0.0
red_champ5_Lulu,0.0
red_champ5_Lux,0.0
red_champ5_Malphite,0.0
red_champ5_Maokai,0.0
red_champ5_MasterYi,0.0
red_champ5_Mel,0.0
red_champ5_Milio,0.0
red_champ5_MissFortune,0.0
red_champ5_MonkeyKing,0.0
red_champ5_Mordekaiser,0.0
red_champ5_Morgana,0.0
red_champ5_Naafiri,0.0
red_champ5_Nami,0.0
red_champ5_Nasus,0.0
red_champ5_Nautilus,0.0
red_champ5_Neeko,0.0
red_champ5_Nilah,0.0
red_champ5_Nunu,0.0
red_champ5_Orianna,0.0
red_champ5_Ornn,0.0
red_champ5_Pantheon,0.0
red_champ5_Poppy,0.0
red_champ5_Pyke,0.0
red_champ5_Qiyana,0.0
red_champ5_Rakan,0.0
red_champ5_Rell,0.0
red_champ5_Renata,0.0
championName_Akali,0.0
red_champ5_Rengar,0.0
red_champ5_Riven,0.0
red_champ5_Rumble,0.0
red_champ5_Samira,0.0
red_champ5_Sejuani,0.0
red_champ5_Senna,0.0
red_champ5_Seraphine,0.0
red_champ5_Sett,0.0
red_champ5_Shaco,0.0
red_champ5_Shen,0.0
red_champ5_Singed,0.0
red_champ5_Sion,0.0
red_champ5_Skarner,0.0
doubleKills,0.0
red_champ5_Velkoz,0.0
red_champ5_Vi,0.0
red_champ5_Viego,0.0
red_champ5_Viktor,0.0
red_champ5_Vladimir,0.0
red_champ5_Volibear,0.0
red_champ5_Xerath,0.0
red_champ5_XinZhao,0.0
red_champ5_Yasuo,0.0
red_champ5_Yuumi,0.0
red_champ5_Zac,0.0
red_champ5_Zed,0.0
red_champ5_Zilean,0.0
red_champ5_Zoe,0.0
pentaKills,0.0
quadraKills,0.0
championName_Akshan,0.0
largestKillingSpree,0.0
championName_Alistar,0.0
championName_Ambessa,0.0
championName_Amumu,0.0
championName_Anivia,0.0
championName_Annie,0.0
championName_Aphelios,0.0
neutralMinionsKilled,0.0
totalAllyJungleMinionsKilled,0.0
totalEnemyJungleMinionsKilled,0.0
championName_Ashe,0.0
allInPings,0.0
assistMePings,0.0
red_champ5_Smolder,0.0
